,ndex,name,type1,type2,ability1,ability2,hidden,gen,hp,atk,def,spatk,spdef,spd,total
0,1,Bulbasaur,Grass,Poison,Overgrow,,Chlorophyll,1,45,49,49,65,65,45,318
1,2,Ivysaur,Grass,Poison,Overgrow,,Chlorophyll,1,60,62,63,80,80,60,405
2,3,Venusaur,Grass,Poison,Overgrow,,Chlorophyll,1,80,82,83,100,100,80,525
3,4,Charmander,Fire,,Blaze,,Solar Power,1,39,52,43,60,50,65,309
4,5,Charmeleon,Fire,,Blaze,,Solar Power,1,58,64,58,80,65,80,405
5,6,Charizard,Fire,Flying,Blaze,,Solar Power,1,78,84,78,109,85,100,534
6,7,Squirtle,Water,,Torrent,,Rain Dish,1,44,48,65,50,64,43,314
7,8,Wartortle,Water,,Torrent,,Rain Dish,1,59,63,80,65,80,58,405
8,9,Blastoise,Water,,Torrent,,Rain Dish,1,79,83,100,85,105,78,530
9,10,Caterpie,Bug,,Shield Dust,,Run Away,1,45,30,35,20,20,45,195
10,11,Metapod,Bug,,Shed Skin,,,1,50,20,55,25,25,30,205
11,12,Butterfree,Bug,Flying,Compound Eyes,,Tinted Lens,1,60,45,50,80,80,70,385
12,13,Weedle,Bug,Poison,Shield Dust,,Run Away,1,40,35,30,20,20,50,195
13,14,Kakuna,Bug,Poison,Shed Skin,,,1,45,25,50,25,25,35,205
14,15,Beedrill,Bug,Poison,Swarm,,Sniper,1,65,80,40,45,80,75,385
15,16,Pidgey,Normal,Flying,Keen Eye,Tangled Feet,Big Pecks,1,40,45,40,35,35,56,251
16,17,Pidgeotto,Normal,Flying,Keen Eye,Tangled Feet,Big Pecks,1,63,60,55,50,50,71,349
17,18,Pidgeot,Normal,Flying,Keen Eye,Tangled Feet,Big Pecks,1,83,80,75,70,70,91,469
18,19,Rattata,Normal,,Run Away,Guts,Gluttony,1,30,56,35,25,35,72,253
19,20,Raticate,Normal,,Run Away,Guts,Gluttony,1,55,81,60,50,70,97,413
20,21,Spearow,Normal,Flying,Keen Eye,,Sniper,1,40,60,30,31,31,70,262
21,22,Fearow,Normal,Flying,Keen Eye,,Sniper,1,65,90,65,61,61,100,442
22,23,Ekans,Poison,,Intimidate,Shed Skin,Unnerve,1,35,60,44,40,54,55,288
23,24,Arbok,Poison,,Intimidate,Shed Skin,Unnerve,1,60,85,69,65,79,80,438
24,25,Pikachu,Electric,,Static,,Lightning Rod,1,35,55,30,50,40,90,300
25,26,Raichu,Electric,,Static,,Surge Surfer,1,60,90,55,90,80,100,475
26,27,Sandshrew,Ground,,Sand Veil,,Snow Cloak,1,50,75,85,20,30,40,300
27,28,Sandslash,Ground,,Sand Veil,,Snow Cloak,1,75,100,110,45,55,65,450
28,29,Nidoran♀,Poison,,Poison Point,Rivalry,Hustle,1,55,47,52,40,40,41,275
29,30,Nidorina,Poison,,Poison Point,Rivalry,Hustle,1,70,62,67,55,55,56,365
30,31,Nidoqueen,Poison,Ground,Poison Point,Rivalry,Sheer Force,1,90,82,87,75,85,76,495
31,32,Nidoran♂,Poison,,Poison Point,Rivalry,Hustle,1,46,57,40,40,40,50,273
32,33,Nidorino,Poison,,Poison Point,Rivalry,Hustle,1,61,72,57,55,55,65,365
33,34,Nidoking,Poison,Ground,Poison Point,Rivalry,Sheer Force,1,81,92,77,85,75,85,495
34,35,Clefairy,Fairy,,Cute Charm,Magic Guard,Friend Guard,1,70,45,48,60,65,35,323
35,36,Clefable,Fairy,,Cute Charm,Magic Guard,Unaware,1,95,70,73,85,90,60,473
36,37,Vulpix,Fire,,Flash Fire,,Snow Cloak,1,38,41,40,50,65,65,299
37,38,Ninetales,Fire,,Flash Fire,,Snow Cloak,1,73,76,75,81,100,100,505
38,39,Jigglypuff,Normal,Fairy,Cute Charm,Competitive,Friend Guard,1,115,45,20,45,25,20,270
39,40,Wigglytuff,Normal,Fairy,Cute Charm,Competitive,Frisk,1,140,70,45,75,50,45,425
40,41,Zubat,Poison,Flying,Inner Focus,,Infiltrator,1,40,45,35,30,40,55,245
41,42,Golbat,Poison,Flying,Inner Focus,,Infiltrator,1,75,80,70,65,75,90,455
42,43,Oddish,Grass,Poison,Chlorophyll,,Run Away,1,45,50,55,75,65,30,320
43,44,Gloom,Grass,Poison,Chlorophyll,,Stench,1,60,65,70,85,75,40,395
44,45,Vileplume,Grass,Poison,Chlorophyll,,Effect Spore,1,75,80,85,100,90,50,480
45,46,Paras,Bug,Grass,Effect Spore,Dry Skin,Damp,1,35,70,55,45,55,25,285
46,47,Parasect,Bug,Grass,Effect Spore,Dry Skin,Damp,1,60,95,80,60,80,30,405
47,48,Venonat,Bug,Poison,Compound Eyes,Tinted Lens,Run Away,1,60,55,50,40,55,45,305
48,49,Venomoth,Bug,Poison,Shield Dust,Tinted Lens,Wonder Skin,1,70,65,60,90,75,90,450
49,50,Diglett,Ground,,Sand Veil,Arena Trap,Sand Veil,1,10,55,25,35,45,95,265
50,51,Dugtrio,Ground,,Sand Veil,Arena Trap,Sand Veil,1,35,80,50,50,70,120,405
51,52,Meowth,Normal,,Pickup,Technician,Unnerve,1,40,45,35,40,40,90,290
52,53,Persian,Normal,,Limber,Technician,Fur Coat,1,65,70,60,65,65,115,440
53,54,Psyduck,Water,,Damp,Cloud Nine,Swift Swim,1,50,52,48,65,50,55,320
54,55,Golduck,Water,,Damp,Cloud Nine,Swift Swim,1,80,82,78,95,80,85,500
55,56,Mankey,Fighting,,Vital Spirit,Anger Point,Defiant,1,40,80,35,35,45,70,305
56,57,Primeape,Fighting,,Vital Spirit,Anger Point,Defiant,1,65,105,60,60,70,95,455
57,58,Growlithe,Fire,,Intimidate,Flash Fire,Justified,1,55,70,45,70,50,60,350
58,59,Arcanine,Fire,,Intimidate,Flash Fire,Justified,1,90,110,80,100,80,95,555
59,60,Poliwag,Water,,Water Absorb,Damp,Swift Swim,1,40,50,40,40,40,90,300
60,61,Poliwhirl,Water,,Water Absorb,Damp,Swift Swim,1,65,65,65,50,50,90,385
61,62,Poliwrath,Water,Fighting,Water Absorb,Damp,Swift Swim,1,90,85,95,70,90,70,500
62,63,Abra,Psychic,,Synchronize,Inner Focus,Magic Guard,1,25,20,15,105,55,90,310
63,64,Kadabra,Psychic,,Synchronize,Inner Focus,Magic Guard,1,40,35,30,120,70,105,400
64,65,Alakazam,Psychic,,Synchronize,Inner Focus,Magic Guard,1,55,50,45,135,85,120,490
65,66,Machop,Fighting,,Guts,No Guard,Steadfast,1,70,80,50,35,35,35,305
66,67,Machoke,Fighting,,Guts,No Guard,Steadfast,1,80,100,70,50,60,45,405
67,68,Machamp,Fighting,,Guts,No Guard,Steadfast,1,90,130,80,65,85,55,505
68,69,Bellsprout,Grass,Poison,Chlorophyll,,Gluttony,1,50,75,35,70,30,40,300
69,70,Weepinbell,Grass,Poison,Chlorophyll,,Gluttony,1,65,90,50,85,45,55,390
70,71,Victreebel,Grass,Poison,Chlorophyll,,Gluttony,1,80,105,65,100,60,70,480
71,72,Tentacool,Water,Poison,Clear Body,Liquid Ooze,Rain Dish,1,40,40,35,50,100,70,335
72,73,Tentacruel,Water,Poison,Clear Body,Liquid Ooze,Rain Dish,1,80,70,65,80,120,100,515
73,74,Geodude,Rock,Ground,Rock Head,Sturdy,Magnet Pull,1,40,80,100,30,30,20,300
74,75,Graveler,Rock,Ground,Rock Head,Sturdy,Magnet Pull,1,55,95,115,45,45,35,390
75,76,Golem,Rock,Ground,Rock Head,Sturdy,Magnet Pull,1,80,110,130,55,65,45,485
76,77,Ponyta,Fire,,Run Away,Flash Fire,Run Away,1,50,85,55,65,65,90,410
77,78,Rapidash,Fire,,Run Away,Flash Fire,Run Away,1,65,100,70,80,80,105,500
78,79,Slowpoke,Water,Psychic,Oblivious,Own Tempo,Gluttony,1,90,65,65,40,40,15,315
79,80,Slowbro,Water,Psychic,Oblivious,Own Tempo,Quick Draw,1,95,75,110,100,80,30,490
80,81,Magnemite,Electric,Steel,Magnet Pull,Sturdy,Analytic,1,25,35,70,95,55,45,325
81,82,Magneton,Electric,Steel,Magnet Pull,Sturdy,Analytic,1,50,60,95,120,70,70,465
82,83,Farfetch'd,Normal,Flying,Keen Eye,Inner Focus,Steadfast,1,52,65,55,58,62,60,352
83,84,Doduo,Normal,Flying,Run Away,Early Bird,Tangled Feet,1,35,85,45,35,35,75,310
84,85,Dodrio,Normal,Flying,Run Away,Early Bird,Tangled Feet,1,60,110,70,60,60,100,460
85,86,Seel,Water,,Thick Fat,Hydration,Ice Body,1,65,45,55,45,70,45,325
86,87,Dewgong,Water,Ice,Thick Fat,Hydration,Ice Body,1,90,70,80,70,95,70,475
87,88,Grimer,Poison,,Stench,Sticky Hold,Poison Touch,1,80,80,50,40,50,25,325
88,89,Muk,Poison,,Stench,Sticky Hold,Poison Touch,1,105,105,75,65,100,50,500
89,90,Shellder,Water,,Shell Armor,Skill Link,Overcoat,1,30,65,100,45,25,40,305
90,91,Cloyster,Water,Ice,Shell Armor,Skill Link,Overcoat,1,50,95,180,85,45,70,525
91,92,Gastly,Ghost,Poison,Levitate,,,1,30,35,30,100,35,80,310
92,93,Haunter,Ghost,Poison,Levitate,,,1,45,50,45,115,55,95,405
93,94,Gengar,Ghost,Poison,Cursed Body,,Shadow Tag,1,60,65,60,130,75,110,500
94,95,Onix,Rock,Ground,Rock Head,Sturdy,Weak Armor,1,35,45,160,30,45,70,385
95,96,Drowzee,Psychic,,Insomnia,Forewarn,Inner Focus,1,60,48,45,43,90,42,328
96,97,Hypno,Psychic,,Insomnia,Forewarn,Inner Focus,1,85,73,70,73,115,67,483
97,98,Krabby,Water,,Hyper Cutter,Shell Armor,Sheer Force,1,30,105,90,25,25,50,325
98,99,Kingler,Water,,Hyper Cutter,Shell Armor,Sheer Force,1,55,130,115,50,50,75,475
99,100,Voltorb,Electric,,Soundproof,Static,Aftermath,1,40,30,50,55,55,100,330
100,101,Electrode,Electric,,Soundproof,Static,Aftermath,1,60,50,70,80,80,140,480
101,102,Exeggcute,Grass,Psychic,Chlorophyll,,Harvest,1,60,40,80,60,45,40,325
102,103,Exeggutor,Grass,Psychic,Chlorophyll,,Frisk,1,95,95,85,125,65,55,520
103,104,Cubone,Ground,,Rock Head,Lightning Rod,Battle Armor,1,50,50,95,40,50,35,320
104,105,Marowak,Ground,,Rock Head,Lightning Rod,Cursed Body,1,60,80,110,50,80,45,425
105,106,Hitmonlee,Fighting,,Limber,Reckless,Unburden,1,50,120,53,35,110,87,455
106,107,Hitmonchan,Fighting,,Keen Eye,Iron Fist,Inner Focus,1,50,105,79,35,110,76,455
107,108,Lickitung,Normal,,Own Tempo,Oblivious,Cloud Nine,1,90,55,75,60,75,30,385
108,109,Koffing,Poison,,Levitate,Neutralizing Gas,Stench,1,40,65,95,60,45,35,340
109,110,Weezing,Poison,,Levitate,Neutralizing Gas,Stench,1,65,90,120,85,70,60,490
110,111,Rhyhorn,Ground,Rock,Lightning Rod,Rock Head,Reckless,1,80,85,95,30,30,25,345
111,112,Rhydon,Ground,Rock,Lightning Rod,Rock Head,Reckless,1,105,130,120,45,45,40,485
112,113,Chansey,Normal,,Natural Cure,Serene Grace,Healer,1,250,5,5,35,105,50,450
113,114,Tangela,Grass,,Chlorophyll,Leaf Guard,Regenerator,1,65,55,115,100,40,60,435
114,115,Kangaskhan,Normal,,Early Bird,Scrappy,Inner Focus,1,105,95,80,40,80,90,490
115,116,Horsea,Water,,Swift Swim,Sniper,Damp,1,30,40,70,70,25,60,295
116,117,Seadra,Water,,Poison Point,Sniper,Damp,1,55,65,95,95,45,85,440
117,118,Goldeen,Water,,Swift Swim,Water Veil,Lightning Rod,1,45,67,60,35,50,63,320
118,119,Seaking,Water,,Swift Swim,Water Veil,Lightning Rod,1,80,92,65,65,80,68,450
119,120,Staryu,Water,,Illuminate,Natural Cure,Analytic,1,30,45,55,70,55,85,340
120,121,Starmie,Water,Psychic,Illuminate,Natural Cure,Analytic,1,60,75,85,100,85,115,520
121,122,Mr. Mime,Psychic,Fairy,Soundproof,Filter,Vital Spirit,1,40,45,65,100,120,90,460
122,123,Scyther,Bug,Flying,Swarm,Technician,Steadfast,1,70,110,80,55,80,105,500
123,124,Jynx,Ice,Psychic,Oblivious,Forewarn,Dry Skin,1,65,50,35,115,95,95,455
124,125,Electabuzz,Electric,,Static,,Vital Spirit,1,65,83,57,95,85,105,490
125,126,Magmar,Fire,,Flame Body,,Vital Spirit,1,65,95,57,100,85,93,495
126,127,Pinsir,Bug,,Hyper Cutter,Mold Breaker,Moxie,1,65,125,100,55,70,85,500
127,128,Tauros,Normal,,Intimidate,Anger Point,Sheer Force,1,75,100,95,40,70,110,490
128,129,Magikarp,Water,,Swift Swim,,Rattled,1,20,10,55,15,20,80,200
129,130,Gyarados,Water,Flying,Intimidate,,Moxie,1,95,125,79,60,100,81,540
130,131,Lapras,Water,Ice,Water Absorb,Shell Armor,Hydration,1,130,85,80,85,95,60,535
131,132,Ditto,Normal,,Limber,,Imposter,1,48,48,48,48,48,48,288
132,133,Eevee,Normal,,Run Away,Adaptability,Anticipation,1,55,55,50,45,65,55,325
133,134,Vaporeon,Water,,Water Absorb,,Hydration,1,130,65,60,110,95,65,525
134,135,Jolteon,Electric,,Volt Absorb,,Quick Feet,1,65,65,60,110,95,130,525
135,136,Flareon,Fire,,Flash Fire,,Guts,1,65,130,60,95,110,65,525
136,137,Porygon,Normal,,Trace,Download,Analytic,1,65,60,70,85,75,40,395
137,138,Omanyte,Rock,Water,Swift Swim,Shell Armor,Weak Armor,1,35,40,100,90,55,35,355
138,139,Omastar,Rock,Water,Swift Swim,Shell Armor,Weak Armor,1,70,60,125,115,70,55,495
139,140,Kabuto,Rock,Water,Swift Swim,Battle Armor,Weak Armor,1,30,80,90,55,45,55,355
140,141,Kabutops,Rock,Water,Swift Swim,Battle Armor,Weak Armor,1,60,115,105,65,70,80,495
141,142,Aerodactyl,Rock,Flying,Rock Head,Pressure,Unnerve,1,80,105,65,60,75,130,515
142,143,Snorlax,Normal,,Immunity,Thick Fat,Gluttony,1,160,110,65,65,110,30,540
143,144,Articuno,Ice,Flying,Pressure,,Competitive,1,90,85,100,95,125,85,580
144,145,Zapdos,Electric,Flying,Pressure,,Defiant,1,90,90,85,125,90,100,580
145,146,Moltres,Fire,Flying,Pressure,,Berserk,1,90,100,90,125,85,90,580
146,147,Dratini,Dragon,,Shed Skin,,Marvel Scale,1,41,64,45,50,50,50,300
147,148,Dragonair,Dragon,,Shed Skin,,Marvel Scale,1,61,84,65,70,70,70,420
148,149,Dragonite,Dragon,Flying,Inner Focus,,Multiscale,1,91,134,95,100,100,80,600
149,150,Mewtwo,Psychic,,Pressure,,Unnerve,1,106,110,90,154,90,130,680
150,151,Mew,Psychic,,Synchronize,,,1,100,100,100,100,100,100,600
151,152,Chikorita,Grass,,Overgrow,,Leaf Guard,2,45,49,65,49,65,45,318
152,153,Bayleef,Grass,,Overgrow,,Leaf Guard,2,60,62,80,63,80,60,405
153,154,Meganium,Grass,,Overgrow,,Leaf Guard,2,80,82,100,83,100,80,525
154,155,Cyndaquil,Fire,,Blaze,,Flash Fire,2,39,52,43,60,50,65,309
155,156,Quilava,Fire,,Blaze,,Flash Fire,2,58,64,58,80,65,80,405
156,157,Typhlosion,Fire,,Blaze,,Flash Fire,2,78,84,78,109,85,100,534
157,158,Totodile,Water,,Torrent,,Sheer Force,2,50,65,64,44,48,43,314
158,159,Croconaw,Water,,Torrent,,Sheer Force,2,65,80,80,59,63,58,405
159,160,Feraligatr,Water,,Torrent,,Sheer Force,2,85,105,100,79,83,78,530
160,161,Sentret,Normal,,Run Away,Keen Eye,Frisk,2,35,46,34,35,45,20,215
161,162,Furret,Normal,,Run Away,Keen Eye,Frisk,2,85,76,64,45,55,90,415
162,163,Hoothoot,Normal,Flying,Insomnia,Keen Eye,Tinted Lens,2,60,30,30,36,56,50,262
163,164,Noctowl,Normal,Flying,Insomnia,Keen Eye,Tinted Lens,2,100,50,50,76,96,70,442
164,165,Ledyba,Bug,Flying,Swarm,Early Bird,Rattled,2,40,20,30,40,80,55,265
165,166,Ledian,Bug,Flying,Swarm,Early Bird,Iron Fist,2,55,35,50,55,110,85,390
166,167,Spinarak,Bug,Poison,Swarm,Insomnia,Sniper,2,40,60,40,40,40,30,250
167,168,Ariados,Bug,Poison,Swarm,Insomnia,Sniper,2,70,90,70,60,60,40,390
168,169,Crobat,Poison,Flying,Inner Focus,,Infiltrator,2,85,90,80,70,80,130,535
169,170,Chinchou,Water,Electric,Volt Absorb,Illuminate,Water Absorb,2,75,38,38,56,56,67,330
170,171,Lanturn,Water,Electric,Volt Absorb,Illuminate,Water Absorb,2,125,58,58,76,76,67,460
171,172,Pichu,Electric,,Static,,Lightning Rod,2,20,40,15,35,35,60,205
172,173,Cleffa,Fairy,,Cute Charm,Magic Guard,Friend Guard,2,50,25,28,45,55,15,218
173,174,Igglybuff,Normal,Fairy,Cute Charm,Competitive,Friend Guard,2,90,30,15,40,20,15,210
174,175,Togepi,Fairy,,Hustle,Serene Grace,Super Luck,2,35,20,65,40,65,20,245
175,176,Togetic,Fairy,Flying,Hustle,Serene Grace,Super Luck,2,55,40,85,80,105,40,405
176,177,Natu,Psychic,Flying,Synchronize,Early Bird,Magic Bounce,2,40,50,45,70,45,70,320
177,178,Xatu,Psychic,Flying,Synchronize,Early Bird,Magic Bounce,2,65,75,70,95,70,95,470
178,179,Mareep,Electric,,Static,,Plus,2,55,40,40,65,45,35,280
179,180,Flaaffy,Electric,,Static,,Plus,2,70,55,55,80,60,45,365
180,181,Ampharos,Electric,,Static,,Plus,2,90,75,75,115,90,55,500
181,182,Bellossom,Grass,,Chlorophyll,,Healer,2,75,80,85,90,100,50,480
182,183,Marill,Water,Fairy,Thick Fat,Huge Power,Sap Sipper,2,70,20,50,20,50,40,250
183,184,Azumarill,Water,Fairy,Thick Fat,Huge Power,Sap Sipper,2,100,50,80,50,80,50,410
184,185,Sudowoodo,Rock,,Sturdy,Rock Head,Rattled,2,70,100,115,30,65,30,410
185,186,Politoed,Water,,Water Absorb,Damp,Drizzle,2,90,75,75,90,100,70,500
186,187,Hoppip,Grass,Flying,Chlorophyll,Leaf Guard,Infiltrator,2,35,35,40,35,55,50,250
187,188,Skiploom,Grass,Flying,Chlorophyll,Leaf Guard,Infiltrator,2,55,45,50,45,65,80,340
188,189,Jumpluff,Grass,Flying,Chlorophyll,Leaf Guard,Infiltrator,2,75,55,70,55,85,110,450
189,190,Aipom,Normal,,Run Away,Pickup,Skill Link,2,55,70,55,40,55,85,360
190,191,Sunkern,Grass,,Chlorophyll,Solar Power,Early Bird,2,30,30,30,30,30,30,180
191,192,Sunflora,Grass,,Chlorophyll,Solar Power,Early Bird,2,75,75,55,105,85,30,425
192,193,Yanma,Bug,Flying,Speed Boost,Compound Eyes,Frisk,2,65,65,45,75,45,95,390
193,194,Wooper,Water,Ground,Damp,Water Absorb,Poison Point,2,55,45,45,25,25,15,210
194,195,Quagsire,Water,Ground,Damp,Water Absorb,Unaware,2,95,85,85,65,65,35,430
195,196,Espeon,Psychic,,Synchronize,,Magic Bounce,2,65,65,60,130,95,110,525
196,197,Umbreon,Dark,,Synchronize,,Inner Focus,2,95,65,110,60,130,65,525
197,198,Murkrow,Dark,Flying,Insomnia,Super Luck,Prankster,2,60,85,42,85,42,91,405
198,199,Slowking,Water,Psychic,Oblivious,Own Tempo,Curious Medicine,2,95,75,80,100,110,30,490
199,200,Misdreavus,Ghost,,Levitate,,,2,60,60,60,85,85,85,435
200,201,Unown,Psychic,,Levitate,,,2,48,72,48,72,48,48,336
201,202,Wobbuffet,Psychic,,Shadow Tag,,Telepathy,2,190,33,58,33,58,33,405
202,203,Girafarig,Normal,Psychic,Inner Focus,Early Bird,Sap Sipper,2,70,80,65,90,65,85,455
203,204,Pineco,Bug,,Sturdy,,Overcoat,2,50,65,90,35,35,15,290
204,205,Forretress,Bug,Steel,Sturdy,,Overcoat,2,75,90,140,60,60,40,465
205,206,Dunsparce,Normal,,Serene Grace,Run Away,Rattled,2,100,70,70,65,65,45,415
206,207,Gligar,Ground,Flying,Hyper Cutter,Sand Veil,Immunity,2,65,75,105,35,65,85,430
207,208,Steelix,Steel,Ground,Rock Head,Sturdy,Sheer Force,2,75,85,200,55,65,30,510
208,209,Snubbull,Fairy,,Intimidate,Run Away,Rattled,2,60,80,50,40,40,30,300
209,210,Granbull,Fairy,,Intimidate,Quick Feet,Rattled,2,90,120,75,60,60,45,450
210,211,Qwilfish,Water,Poison,Poison Point,Swift Swim,Intimidate,2,65,95,75,55,55,85,430
211,212,Scizor,Bug,Steel,Swarm,Technician,Light Metal,2,70,130,100,55,80,65,500
212,213,Shuckle,Bug,Rock,Sturdy,Gluttony,Contrary,2,20,10,230,10,230,5,505
213,214,Heracross,Bug,Fighting,Swarm,Guts,Moxie,2,80,125,75,40,95,85,500
214,215,Sneasel,Dark,Ice,Inner Focus,Keen Eye,Pickpocket,2,55,95,55,35,75,115,430
215,216,Teddiursa,Normal,,Pickup,Quick Feet,Honey Gather,2,60,80,50,50,50,40,330
216,217,Ursaring,Normal,,Guts,Quick Feet,Unnerve,2,90,130,75,75,75,55,500
217,218,Slugma,Fire,,Magma Armor,Flame Body,Weak Armor,2,40,40,40,70,40,20,250
218,219,Magcargo,Fire,Rock,Magma Armor,Flame Body,Weak Armor,2,50,50,120,80,80,30,410
219,220,Swinub,Ice,Ground,Oblivious,Snow Cloak,Thick Fat,2,50,50,40,30,30,50,250
220,221,Piloswine,Ice,Ground,Oblivious,Snow Cloak,Thick Fat,2,100,100,80,60,60,50,450
221,222,Corsola,Water,Rock,Hustle,Natural Cure,Weak Armor,2,55,55,85,65,85,35,380
222,223,Remoraid,Water,,Hustle,Sniper,Moody,2,35,65,35,65,35,65,300
223,224,Octillery,Water,,Suction Cups,Sniper,Moody,2,75,105,75,105,75,45,480
224,225,Delibird,Ice,Flying,Vital Spirit,Hustle,Insomnia,2,45,55,45,65,45,75,330
225,226,Mantine,Water,Flying,Swift Swim,Water Absorb,Water Veil,2,65,40,70,80,140,70,465
226,227,Skarmory,Steel,Flying,Keen Eye,Sturdy,Weak Armor,2,65,80,140,40,70,70,465
227,228,Houndour,Dark,Fire,Early Bird,Flash Fire,Unnerve,2,45,60,30,80,50,65,330
228,229,Houndoom,Dark,Fire,Early Bird,Flash Fire,Unnerve,2,75,90,50,110,80,95,500
229,230,Kingdra,Water,Dragon,Swift Swim,Sniper,Damp,2,75,95,95,95,95,85,540
230,231,Phanpy,Ground,,Pickup,,Sand Veil,2,90,60,60,40,40,40,330
231,232,Donphan,Ground,,Sturdy,,Sand Veil,2,90,120,120,60,60,50,500
232,233,Porygon2,Normal,,Trace,Download,Analytic,2,85,80,90,105,95,60,515
233,234,Stantler,Normal,,Intimidate,Frisk,Sap Sipper,2,73,95,62,85,65,85,465
234,235,Smeargle,Normal,,Own Tempo,Technician,Moody,2,55,20,35,20,45,75,250
235,236,Tyrogue,Fighting,,Guts,Steadfast,Vital Spirit,2,35,35,35,35,35,35,210
236,237,Hitmontop,Fighting,,Intimidate,Technician,Steadfast,2,50,95,95,35,110,70,455
237,238,Smoochum,Ice,Psychic,Oblivious,Forewarn,Hydration,2,45,30,15,85,65,65,305
238,239,Elekid,Electric,,Static,,Vital Spirit,2,45,63,37,65,55,95,360
239,240,Magby,Fire,,Flame Body,,Vital Spirit,2,45,75,37,70,55,83,365
240,241,Miltank,Normal,,Thick Fat,Scrappy,Sap Sipper,2,95,80,105,40,70,100,490
241,242,Blissey,Normal,,Natural Cure,Serene Grace,Healer,2,255,10,10,75,135,55,540
242,243,Raikou,Electric,,Pressure,,Inner Focus,2,90,85,75,115,100,115,580
243,244,Entei,Fire,,Pressure,,Inner Focus,2,115,115,85,90,75,100,580
244,245,Suicune,Water,,Pressure,,Inner Focus,2,100,75,115,90,115,85,580
245,246,Larvitar,Rock,Ground,Guts,,Sand Veil,2,50,64,50,45,50,41,300
246,247,Pupitar,Rock,Ground,Shed Skin,,,2,70,84,70,65,70,51,410
247,248,Tyranitar,Rock,Dark,Sand Stream,,Unnerve,2,100,134,110,95,100,61,600
248,249,Lugia,Psychic,Flying,Pressure,,Multiscale,2,106,90,130,90,154,110,680
249,250,Ho-Oh,Fire,Flying,Pressure,,Regenerator,2,106,130,90,110,154,90,680
250,251,Celebi,Psychic,Grass,Natural Cure,,,2,100,100,100,100,100,100,600
251,252,Treecko,Grass,,Overgrow,,Unburden,3,40,45,35,65,55,70,310
252,253,Grovyle,Grass,,Overgrow,,Unburden,3,50,65,45,85,65,95,405
253,254,Sceptile,Grass,,Overgrow,,Unburden,3,70,85,65,105,85,120,530
254,255,Torchic,Fire,,Blaze,,Speed Boost,3,45,60,40,70,50,45,310
255,256,Combusken,Fire,Fighting,Blaze,,Speed Boost,3,60,85,60,85,60,55,405
256,257,Blaziken,Fire,Fighting,Blaze,,Speed Boost,3,80,120,70,110,70,80,530
257,258,Mudkip,Water,,Torrent,,Damp,3,50,70,50,50,50,40,310
258,259,Marshtomp,Water,Ground,Torrent,,Damp,3,70,85,70,60,70,50,405
259,260,Swampert,Water,Ground,Torrent,,Damp,3,100,110,90,85,90,60,535
260,261,Poochyena,Dark,,Run Away,Quick Feet,Rattled,3,35,55,35,30,30,35,220
261,262,Mightyena,Dark,,Intimidate,Quick Feet,Moxie,3,70,90,70,60,60,70,420
262,263,Zigzagoon,Normal,,Pickup,Gluttony,Quick Feet,3,38,30,41,30,41,60,240
263,264,Linoone,Normal,,Pickup,Gluttony,Quick Feet,3,78,70,61,50,61,100,420
264,265,Wurmple,Bug,,Shield Dust,,Run Away,3,45,45,35,20,30,20,195
265,266,Silcoon,Bug,,Shed Skin,,,3,50,35,55,25,25,15,205
266,267,Beautifly,Bug,Flying,Swarm,,Rivalry,3,60,70,50,90,50,65,385
267,268,Cascoon,Bug,,Shed Skin,,,3,50,35,55,25,25,15,205
268,269,Dustox,Bug,Poison,Shield Dust,,Compound Eyes,3,60,50,70,50,90,65,385
269,270,Lotad,Water,Grass,Swift Swim,Rain Dish,Own Tempo,3,40,30,30,40,50,30,220
270,271,Lombre,Water,Grass,Swift Swim,Rain Dish,Own Tempo,3,60,50,50,60,70,50,340
271,272,Ludicolo,Water,Grass,Swift Swim,Rain Dish,Own Tempo,3,80,70,70,90,100,70,480
272,273,Seedot,Grass,,Chlorophyll,Early Bird,Pickpocket,3,40,40,50,30,30,30,220
273,274,Nuzleaf,Grass,Dark,Chlorophyll,Early Bird,Pickpocket,3,70,70,40,60,40,60,340
274,275,Shiftry,Grass,Dark,Chlorophyll,Wind Rider,Pickpocket,3,90,100,60,90,60,80,480
275,276,Taillow,Normal,Flying,Guts,,Scrappy,3,40,55,30,30,30,85,270
276,277,Swellow,Normal,Flying,Guts,,Scrappy,3,60,85,60,50,50,125,430
277,278,Wingull,Water,Flying,Keen Eye,Hydration,Rain Dish,3,40,30,30,55,30,85,270
278,279,Pelipper,Water,Flying,Keen Eye,Drizzle,Rain Dish,3,60,50,100,85,70,65,430
279,280,Ralts,Psychic,Fairy,Synchronize,Trace,Telepathy,3,28,25,25,45,35,40,198
280,281,Kirlia,Psychic,Fairy,Synchronize,Trace,Telepathy,3,38,35,35,65,55,50,278
281,282,Gardevoir,Psychic,Fairy,Synchronize,Trace,Telepathy,3,68,65,65,125,115,80,518
282,283,Surskit,Bug,Water,Swift Swim,,Rain Dish,3,40,30,32,50,52,65,269
283,284,Masquerain,Bug,Flying,Intimidate,,Unnerve,3,70,60,62,80,82,60,414
284,285,Shroomish,Grass,,Effect Spore,Poison Heal,Quick Feet,3,60,40,60,40,60,35,295
285,286,Breloom,Grass,Fighting,Effect Spore,Poison Heal,Technician,3,60,130,80,60,60,70,460
286,287,Slakoth,Normal,,Truant,,,3,60,60,60,35,35,30,280
287,288,Vigoroth,Normal,,Vital Spirit,,,3,80,80,80,55,55,90,440
288,289,Slaking,Normal,,Truant,,,3,150,160,100,95,65,100,670
289,290,Nincada,Bug,Ground,Compound Eyes,,Run Away,3,31,45,90,30,30,40,266
290,291,Ninjask,Bug,Flying,Speed Boost,,Infiltrator,3,61,90,45,50,50,160,456
291,292,Shedinja,Bug,Ghost,Wonder Guard,,,3,1,90,45,30,30,40,236
292,293,Whismur,Normal,,Soundproof,,Rattled,3,64,51,23,51,23,28,240
293,294,Loudred,Normal,,Soundproof,,Scrappy,3,84,71,43,71,43,48,360
294,295,Exploud,Normal,,Soundproof,,Scrappy,3,104,91,63,91,63,68,480
295,296,Makuhita,Fighting,,Thick Fat,Guts,Sheer Force,3,72,60,30,20,30,25,237
296,297,Hariyama,Fighting,,Thick Fat,Guts,Sheer Force,3,144,120,60,40,60,50,474
297,298,Azurill,Normal,Fairy,Thick Fat,Huge Power,Sap Sipper,3,50,20,40,20,40,20,190
298,299,Nosepass,Rock,,Sturdy,Magnet Pull,Sand Force,3,30,45,135,45,90,30,375
299,300,Skitty,Normal,,Cute Charm,Normalize,Wonder Skin,3,50,45,45,35,35,50,260
300,301,Delcatty,Normal,,Cute Charm,Normalize,Wonder Skin,3,70,65,65,55,55,70,380
301,302,Sableye,Dark,Ghost,Keen Eye,Stall,Prankster,3,50,75,75,65,65,50,380
302,303,Mawile,Steel,Fairy,Hyper Cutter,Intimidate,Sheer Force,3,50,85,85,55,55,50,380
303,304,Aron,Steel,Rock,Sturdy,Rock Head,Heavy Metal,3,50,70,100,40,40,30,330
304,305,Lairon,Steel,Rock,Sturdy,Rock Head,Heavy Metal,3,60,90,140,50,50,40,430
305,306,Aggron,Steel,Rock,Sturdy,Rock Head,Heavy Metal,3,70,110,180,60,60,50,530
306,307,Meditite,Fighting,Psychic,Pure Power,,Telepathy,3,30,40,55,40,55,60,280
307,308,Medicham,Fighting,Psychic,Pure Power,,Telepathy,3,60,60,75,60,75,80,410
308,309,Electrike,Electric,,Static,Lightning Rod,Minus,3,40,45,40,65,40,65,295
309,310,Manectric,Electric,,Static,Lightning Rod,Minus,3,70,75,60,105,60,105,475
310,311,Plusle,Electric,,Plus,,Lightning Rod,3,60,50,40,85,75,95,405
311,312,Minun,Electric,,Minus,,Volt Absorb,3,60,40,50,75,85,95,405
312,313,Volbeat,Bug,,Illuminate,Swarm,Prankster,3,65,73,55,47,75,85,400
313,314,Illumise,Bug,,Oblivious,Tinted Lens,Prankster,3,65,47,55,73,75,85,400
314,315,Roselia,Grass,Poison,Natural Cure,Poison Point,Leaf Guard,3,50,60,45,100,80,65,400
315,316,Gulpin,Poison,,Liquid Ooze,Sticky Hold,Gluttony,3,70,43,53,43,53,40,302
316,317,Swalot,Poison,,Liquid Ooze,Sticky Hold,Gluttony,3,100,73,83,73,83,55,467
317,318,Carvanha,Water,Dark,Rough Skin,,Speed Boost,3,45,90,20,65,20,65,305
318,319,Sharpedo,Water,Dark,Rough Skin,,Speed Boost,3,70,120,40,95,40,95,460
319,320,Wailmer,Water,,Water Veil,Oblivious,Pressure,3,130,70,35,70,35,60,400
320,321,Wailord,Water,,Water Veil,Oblivious,Pressure,3,170,90,45,90,45,60,500
321,322,Numel,Fire,Ground,Oblivious,Simple,Own Tempo,3,60,60,40,65,45,35,305
322,323,Camerupt,Fire,Ground,Magma Armor,Solid Rock,Anger Point,3,70,100,70,105,75,40,460
323,324,Torkoal,Fire,,White Smoke,Drought,Shell Armor,3,70,85,140,85,70,20,470
324,325,Spoink,Psychic,,Thick Fat,Own Tempo,Gluttony,3,60,25,35,70,80,60,330
325,326,Grumpig,Psychic,,Thick Fat,Own Tempo,Gluttony,3,80,45,65,90,110,80,470
326,327,Spinda,Normal,,Own Tempo,Tangled Feet,Contrary,3,60,60,60,60,60,60,360
327,328,Trapinch,Ground,,Hyper Cutter,Arena Trap,Sheer Force,3,45,100,45,45,45,10,290
328,329,Vibrava,Ground,Dragon,Levitate,,,3,50,70,50,50,50,70,340
329,330,Flygon,Ground,Dragon,Levitate,,,3,80,100,80,80,80,100,520
330,331,Cacnea,Grass,,Sand Veil,,Water Absorb,3,50,85,40,85,40,35,335
331,332,Cacturne,Grass,Dark,Sand Veil,,Water Absorb,3,70,115,60,115,60,55,475
332,333,Swablu,Normal,Flying,Natural Cure,,Cloud Nine,3,45,40,60,40,75,50,310
333,334,Altaria,Dragon,Flying,Natural Cure,,Cloud Nine,3,75,70,90,70,105,80,490
334,335,Zangoose,Normal,,Immunity,,Toxic Boost,3,73,115,60,60,60,90,458
335,336,Seviper,Poison,,Shed Skin,,Infiltrator,3,73,100,60,100,60,65,458
336,337,Lunatone,Rock,Psychic,Levitate,,,3,70,55,65,95,85,70,440
337,338,Solrock,Rock,Psychic,Levitate,,,3,70,95,85,55,65,70,440
338,339,Barboach,Water,Ground,Oblivious,Anticipation,Hydration,3,50,48,43,46,41,60,288
339,340,Whiscash,Water,Ground,Oblivious,Anticipation,Hydration,3,110,78,73,76,71,60,468
340,341,Corphish,Water,,Hyper Cutter,Shell Armor,Adaptability,3,43,80,65,50,35,35,308
341,342,Crawdaunt,Water,Dark,Hyper Cutter,Shell Armor,Adaptability,3,63,120,85,90,55,55,468
342,343,Baltoy,Ground,Psychic,Levitate,,,3,40,40,55,40,70,55,300
343,344,Claydol,Ground,Psychic,Levitate,,,3,60,70,105,70,120,75,500
344,345,Lileep,Rock,Grass,Suction Cups,,Storm Drain,3,66,41,77,61,87,23,355
345,346,Cradily,Rock,Grass,Suction Cups,,Storm Drain,3,86,81,97,81,107,43,495
346,347,Anorith,Rock,Bug,Battle Armor,,Swift Swim,3,45,95,50,40,50,75,355
347,348,Armaldo,Rock,Bug,Battle Armor,,Swift Swim,3,75,125,100,70,80,45,495
348,349,Feebas,Water,,Swift Swim,Oblivious,Adaptability,3,20,15,20,10,55,80,200
349,350,Milotic,Water,,Marvel Scale,Competitive,Cute Charm,3,95,60,79,100,125,81,540
350,351,Castform,Normal,,Forecast,,,3,70,70,70,70,70,70,420
351,352,Kecleon,Normal,,Color Change,,Protean,3,60,90,70,60,120,40,440
352,353,Shuppet,Ghost,,Insomnia,Frisk,Cursed Body,3,44,75,35,63,33,45,295
353,354,Banette,Ghost,,Insomnia,Frisk,Cursed Body,3,64,115,65,83,63,65,455
354,355,Duskull,Ghost,,Levitate,,Frisk,3,20,40,90,30,90,25,295
355,356,Dusclops,Ghost,,Pressure,,Frisk,3,40,70,130,60,130,25,455
356,357,Tropius,Grass,Flying,Chlorophyll,Solar Power,Harvest,3,99,68,83,72,87,51,460
357,358,Chimecho,Psychic,,Levitate,,,3,65,50,70,95,80,65,425
358,359,Absol,Dark,,Pressure,Super Luck,Justified,3,65,130,60,75,60,75,465
359,360,Wynaut,Psychic,,Shadow Tag,,Telepathy,3,95,23,48,23,48,23,260
360,361,Snorunt,Ice,,Inner Focus,Ice Body,Moody,3,50,50,50,50,50,50,300
361,362,Glalie,Ice,,Inner Focus,Ice Body,Moody,3,80,80,80,80,80,80,480
362,363,Spheal,Ice,Water,Thick Fat,Ice Body,Oblivious,3,70,40,50,55,50,25,290
363,364,Sealeo,Ice,Water,Thick Fat,Ice Body,Oblivious,3,90,60,70,75,70,45,410
364,365,Walrein,Ice,Water,Thick Fat,Ice Body,Oblivious,3,110,80,90,95,90,65,530
365,366,Clamperl,Water,,Shell Armor,,Rattled,3,35,64,85,74,55,32,345
366,367,Huntail,Water,,Swift Swim,,Water Veil,3,55,104,105,94,75,52,485
367,368,Gorebyss,Water,,Swift Swim,,Hydration,3,55,84,105,114,75,52,485
368,369,Relicanth,Water,Rock,Swift Swim,Rock Head,Sturdy,3,100,90,130,45,65,55,485
369,370,Luvdisc,Water,,Swift Swim,,Hydration,3,43,30,55,40,65,97,330
370,371,Bagon,Dragon,,Rock Head,,Sheer Force,3,45,75,60,40,30,50,300
371,372,Shelgon,Dragon,,Rock Head,,Overcoat,3,65,95,100,60,50,50,420
372,373,Salamence,Dragon,Flying,Intimidate,,Moxie,3,95,135,80,110,80,100,600
373,374,Beldum,Steel,Psychic,Clear Body,,Light Metal,3,40,55,80,35,60,30,300
374,375,Metang,Steel,Psychic,Clear Body,,Light Metal,3,60,75,100,55,80,50,420
375,376,Metagross,Steel,Psychic,Clear Body,,Light Metal,3,80,135,130,95,90,70,600
376,377,Regirock,Rock,,Clear Body,,Sturdy,3,80,100,200,50,100,50,580
377,378,Regice,Ice,,Clear Body,,Ice Body,3,80,50,100,100,200,50,580
378,379,Registeel,Steel,,Clear Body,,Light Metal,3,80,75,150,75,150,50,580
379,380,Latias,Dragon,Psychic,Levitate,,,3,80,80,90,110,130,110,600
380,381,Latios,Dragon,Psychic,Levitate,,,3,80,90,80,130,110,110,600
381,382,Kyogre,Water,,Drizzle,,Primordial Sea,3,100,100,90,150,140,90,670
382,383,Groudon,Ground,,Drought,,Desolate Land,3,100,150,140,100,90,90,670
383,384,Rayquaza,Dragon,Flying,Air Lock,,Delta Stream,3,105,150,90,150,90,95,680
384,385,Jirachi,Steel,Psychic,Serene Grace,,,3,100,100,100,100,100,100,600
385,386,Deoxys,Psychic,,Pressure,,,3,50,150,50,150,50,150,600
386,387,Turtwig,Grass,,Overgrow,,Shell Armor,4,55,68,64,45,55,31,318
387,388,Grotle,Grass,,Overgrow,,Shell Armor,4,75,89,85,55,65,36,405
388,389,Torterra,Grass,Ground,Overgrow,,Shell Armor,4,95,109,105,75,85,56,525
389,390,Chimchar,Fire,,Blaze,,Iron Fist,4,44,58,44,58,44,61,309
390,391,Monferno,Fire,Fighting,Blaze,,Iron Fist,4,64,78,52,78,52,81,405
391,392,Infernape,Fire,Fighting,Blaze,,Iron Fist,4,76,104,71,104,71,108,534
392,393,Piplup,Water,,Torrent,,Competitive,4,53,51,53,61,56,40,314
393,394,Prinplup,Water,,Torrent,,Competitive,4,64,66,68,81,76,50,405
394,395,Empoleon,Water,Steel,Torrent,,Competitive,4,84,86,88,111,101,60,530
395,396,Starly,Normal,Flying,Keen Eye,,Reckless,4,40,55,30,30,30,60,245
396,397,Staravia,Normal,Flying,Intimidate,,Reckless,4,55,75,50,40,40,80,340
397,398,Staraptor,Normal,Flying,Intimidate,,Reckless,4,85,120,70,50,50,100,475
398,399,Bidoof,Normal,,Simple,Unaware,Moody,4,59,45,40,35,40,31,250
399,400,Bibarel,Normal,Water,Simple,Unaware,Moody,4,79,85,60,55,60,71,410
400,401,Kricketot,Bug,,Shed Skin,,Run Away,4,37,25,41,25,41,25,194
401,402,Kricketune,Bug,,Swarm,,Technician,4,77,85,51,55,51,65,384
402,403,Shinx,Electric,,Rivalry,Intimidate,Guts,4,45,65,34,40,34,45,263
403,404,Luxio,Electric,,Rivalry,Intimidate,Guts,4,60,85,49,60,49,60,363
404,405,Luxray,Electric,,Rivalry,Intimidate,Guts,4,80,120,79,95,79,70,523
405,406,Budew,Grass,Poison,Natural Cure,Poison Point,Leaf Guard,4,40,30,35,50,70,55,280
406,407,Roserade,Grass,Poison,Natural Cure,Poison Point,Technician,4,60,70,55,125,105,90,505
407,408,Cranidos,Rock,,Mold Breaker,,Sheer Force,4,67,125,40,30,30,58,350
408,409,Rampardos,Rock,,Mold Breaker,,Sheer Force,4,97,165,60,65,50,58,495
409,410,Shieldon,Rock,Steel,Sturdy,,Soundproof,4,30,42,118,42,88,30,350
410,411,Bastiodon,Rock,Steel,Sturdy,,Soundproof,4,60,52,168,47,138,30,495
411,412,Burmy,Bug,,Shed Skin,,Overcoat,4,40,29,45,29,45,36,224
412,413,Wormadam,Bug,Grass,Anticipation,,Overcoat,4,60,59,85,79,105,36,424
413,414,Mothim,Bug,Flying,Swarm,,Tinted Lens,4,70,94,50,94,50,66,424
414,415,Combee,Bug,Flying,Honey Gather,,Hustle,4,30,30,42,30,42,70,244
415,416,Vespiquen,Bug,Flying,Pressure,,Unnerve,4,70,80,102,80,102,40,474
416,417,Pachirisu,Electric,,Run Away,Pickup,Volt Absorb,4,60,45,70,45,90,95,405
417,418,Buizel,Water,,Swift Swim,,Water Veil,4,55,65,35,60,30,85,330
418,419,Floatzel,Water,,Swift Swim,,Water Veil,4,85,105,55,85,50,115,495
419,420,Cherubi,Grass,,Chlorophyll,,,4,45,35,45,62,53,35,275
420,421,Cherrim,Grass,,Flower Gift,,,4,70,60,70,87,78,85,450
421,422,Shellos,Water,,Sticky Hold,Storm Drain,Sand Force,4,76,48,48,57,62,34,325
422,423,Gastrodon,Water,Ground,Sticky Hold,Storm Drain,Sand Force,4,111,83,68,92,82,39,475
423,424,Ambipom,Normal,,Technician,Pickup,Skill Link,4,75,100,66,60,66,115,482
424,425,Drifloon,Ghost,Flying,Aftermath,Unburden,Flare Boost,4,90,50,34,60,44,70,348
425,426,Drifblim,Ghost,Flying,Aftermath,Unburden,Flare Boost,4,150,80,44,90,54,80,498
426,427,Buneary,Normal,,Run Away,Klutz,Limber,4,55,66,44,44,56,85,350
427,428,Lopunny,Normal,,Cute Charm,Klutz,Limber,4,65,76,84,54,96,105,480
428,429,Mismagius,Ghost,,Levitate,,,4,60,60,60,105,105,105,495
429,430,Honchkrow,Dark,Flying,Insomnia,Super Luck,Moxie,4,100,125,52,105,52,71,505
430,431,Glameow,Normal,,Limber,Own Tempo,Keen Eye,4,49,55,42,42,37,85,310
431,432,Purugly,Normal,,Thick Fat,Own Tempo,Defiant,4,71,82,64,64,59,112,452
432,433,Chingling,Psychic,,Levitate,,,4,45,30,50,65,50,45,285
433,434,Stunky,Poison,Dark,Stench,Aftermath,Keen Eye,4,63,63,47,41,41,74,329
434,435,Skuntank,Poison,Dark,Stench,Aftermath,Keen Eye,4,103,93,67,71,61,84,479
435,436,Bronzor,Steel,Psychic,Levitate,Heatproof,Heavy Metal,4,57,24,86,24,86,23,300
436,437,Bronzong,Steel,Psychic,Levitate,Heatproof,Heavy Metal,4,67,89,116,79,116,33,500
437,438,Bonsly,Rock,,Sturdy,Rock Head,Rattled,4,50,80,95,10,45,10,290
438,439,Mime Jr.,Psychic,Fairy,Soundproof,Filter,Technician,4,20,25,45,70,90,60,310
439,440,Happiny,Normal,,Natural Cure,Serene Grace,Friend Guard,4,100,5,5,15,65,30,220
440,441,Chatot,Normal,Flying,Keen Eye,Tangled Feet,Big Pecks,4,76,65,45,92,42,91,411
441,442,Spiritomb,Ghost,Dark,Pressure,,Infiltrator,4,50,92,108,92,108,35,485
442,443,Gible,Dragon,Ground,Sand Veil,,Rough Skin,4,58,70,45,40,45,42,300
443,444,Gabite,Dragon,Ground,Sand Veil,,Rough Skin,4,68,90,65,50,55,82,410
444,445,Garchomp,Dragon,Ground,Sand Veil,,Rough Skin,4,108,130,95,80,85,102,600
445,446,Munchlax,Normal,,Pickup,Thick Fat,Gluttony,4,135,85,40,40,85,5,390
446,447,Riolu,Fighting,,Steadfast,Inner Focus,Prankster,4,40,70,40,35,40,60,285
447,448,Lucario,Fighting,Steel,Steadfast,Inner Focus,Justified,4,70,110,70,115,70,90,525
448,449,Hippopotas,Ground,,Sand Stream,,Sand Force,4,68,72,78,38,42,32,330
449,450,Hippowdon,Ground,,Sand Stream,,Sand Force,4,108,112,118,68,72,47,525
450,451,Skorupi,Poison,Bug,Battle Armor,Sniper,Keen Eye,4,40,50,90,30,55,65,330
451,452,Drapion,Poison,Dark,Battle Armor,Sniper,Keen Eye,4,70,90,110,60,75,95,500
452,453,Croagunk,Poison,Fighting,Anticipation,Dry Skin,Poison Touch,4,48,61,40,61,40,50,300
453,454,Toxicroak,Poison,Fighting,Anticipation,Dry Skin,Poison Touch,4,83,106,65,86,65,85,490
454,455,Carnivine,Grass,,Levitate,,,4,74,100,72,90,72,46,454
455,456,Finneon,Water,,Swift Swim,Storm Drain,Water Veil,4,49,49,56,49,61,66,330
456,457,Lumineon,Water,,Swift Swim,Storm Drain,Water Veil,4,69,69,76,69,86,91,460
457,458,Mantyke,Water,Flying,Swift Swim,Water Absorb,Water Veil,4,45,20,50,60,120,50,345
458,459,Snover,Grass,Ice,Snow Warning,,Soundproof,4,60,62,50,62,60,40,334
459,460,Abomasnow,Grass,Ice,Snow Warning,,Soundproof,4,90,92,75,92,85,60,494
460,461,Weavile,Dark,Ice,Pressure,,Pickpocket,4,70,120,65,45,85,125,510
461,462,Magnezone,Electric,Steel,Magnet Pull,Sturdy,Analytic,4,70,70,115,130,90,60,535
462,463,Lickilicky,Normal,,Own Tempo,Oblivious,Cloud Nine,4,110,85,95,80,95,50,515
463,464,Rhyperior,Ground,Rock,Lightning Rod,Solid Rock,Reckless,4,115,140,130,55,55,40,535
464,465,Tangrowth,Grass,,Chlorophyll,Leaf Guard,Regenerator,4,100,100,125,110,50,50,535
465,466,Electivire,Electric,,Motor Drive,,Vital Spirit,4,75,123,67,95,85,95,540
466,467,Magmortar,Fire,,Flame Body,,Vital Spirit,4,75,95,67,125,95,83,540
467,468,Togekiss,Fairy,Flying,Hustle,Serene Grace,Super Luck,4,85,50,95,120,115,80,545
468,469,Yanmega,Bug,Flying,Speed Boost,Tinted Lens,Frisk,4,86,76,86,116,56,95,515
469,470,Leafeon,Grass,,Leaf Guard,,Chlorophyll,4,65,110,130,60,65,95,525
470,471,Glaceon,Ice,,Snow Cloak,,Ice Body,4,65,60,110,130,95,65,525
471,472,Gliscor,Ground,Flying,Hyper Cutter,Sand Veil,Poison Heal,4,75,95,125,45,75,95,510
472,473,Mamoswine,Ice,Ground,Oblivious,Snow Cloak,Thick Fat,4,110,130,80,70,60,80,530
473,474,Porygon-Z,Normal,,Adaptability,Download,Analytic,4,85,80,70,135,75,90,535
474,475,Gallade,Psychic,Fighting,Steadfast,Sharpness,Justified,4,68,125,65,65,115,80,518
475,476,Probopass,Rock,Steel,Sturdy,Magnet Pull,Sand Force,4,60,55,145,75,150,40,525
476,477,Dusknoir,Ghost,,Pressure,,Frisk,4,45,100,135,65,135,45,525
477,478,Froslass,Ice,Ghost,Snow Cloak,,Cursed Body,4,70,80,70,80,70,110,480
478,479,Rotom,Electric,Ghost,Levitate,,,4,50,50,77,95,77,91,440
479,480,Uxie,Psychic,,Levitate,,,4,75,75,130,75,130,95,580
480,481,Mesprit,Psychic,,Levitate,,,4,80,105,105,105,105,80,580
481,482,Azelf,Psychic,,Levitate,,,4,75,125,70,125,70,115,580
482,483,Dialga,Steel,Dragon,Pressure,,Telepathy,4,100,120,120,150,100,90,680
483,484,Palkia,Water,Dragon,Pressure,,Telepathy,4,90,120,100,150,120,100,680
484,485,Heatran,Fire,Steel,Flash Fire,,Flame Body,4,91,90,106,130,106,77,600
485,486,Regigigas,Normal,,Slow Start,,,4,110,160,110,80,110,100,670
486,487,Giratina,Ghost,Dragon,Pressure,,Telepathy,4,150,100,120,100,120,90,680
487,488,Cresselia,Psychic,,Levitate,,,4,120,70,120,75,130,85,600
488,489,Phione,Water,,Hydration,,,4,80,80,80,80,80,80,480
489,490,Manaphy,Water,,Hydration,,,4,100,100,100,100,100,100,600
490,491,Darkrai,Dark,,Bad Dreams,,,4,70,90,90,135,90,125,600
491,492,Shaymin,Grass,,Natural Cure,,Serene Grace,4,100,100,100,100,100,100,600
492,493,Arceus,Normal,,Multitype,,,4,120,120,120,120,120,120,720
493,494,Victini,Psychic,Fire,Victory Star,,,5,100,100,100,100,100,100,600
494,495,Snivy,Grass,,Overgrow,,Contrary,5,45,45,55,45,55,63,308
495,496,Servine,Grass,,Overgrow,,Contrary,5,60,60,75,60,75,83,413
496,497,Serperior,Grass,,Overgrow,,Contrary,5,75,75,95,75,95,113,528
497,498,Tepig,Fire,,Blaze,,Thick Fat,5,65,63,45,45,45,45,308
498,499,Pignite,Fire,Fighting,Blaze,,Thick Fat,5,90,93,55,70,55,55,418
499,500,Emboar,Fire,Fighting,Blaze,,Reckless,5,110,123,65,100,65,65,528
500,501,Oshawott,Water,,Torrent,,Shell Armor,5,55,55,45,63,45,45,308
501,502,Dewott,Water,,Torrent,,Shell Armor,5,75,75,60,83,60,60,413
502,503,Samurott,Water,,Torrent,,Shell Armor,5,95,100,85,108,70,70,528
503,504,Patrat,Normal,,Run Away,Keen Eye,Analytic,5,45,55,39,35,39,42,255
504,505,Watchog,Normal,,Illuminate,Keen Eye,Analytic,5,60,85,69,60,69,77,420
505,506,Lillipup,Normal,,Vital Spirit,Pickup,Run Away,5,45,60,45,25,45,55,275
506,507,Herdier,Normal,,Intimidate,Sand Rush,Scrappy,5,65,80,65,35,65,60,370
507,508,Stoutland,Normal,,Intimidate,Sand Rush,Scrappy,5,85,100,90,45,90,80,490
508,509,Purrloin,Dark,,Limber,Unburden,Prankster,5,41,50,37,50,37,66,281
509,510,Liepard,Dark,,Limber,Unburden,Prankster,5,64,88,50,88,50,106,446
510,511,Pansage,Grass,,Gluttony,,Overgrow,5,50,53,48,53,48,64,316
511,512,Simisage,Grass,,Gluttony,,Overgrow,5,75,98,63,98,63,101,498
512,513,Pansear,Fire,,Gluttony,,Blaze,5,50,53,48,53,48,64,316
513,514,Simisear,Fire,,Gluttony,,Blaze,5,75,98,63,98,63,101,498
514,515,Panpour,Water,,Gluttony,,Torrent,5,50,53,48,53,48,64,316
515,516,Simipour,Water,,Gluttony,,Torrent,5,75,98,63,98,63,101,498
516,517,Munna,Psychic,,Forewarn,Synchronize,Telepathy,5,76,25,45,67,55,24,292
517,518,Musharna,Psychic,,Forewarn,Synchronize,Telepathy,5,116,55,85,107,95,29,487
518,519,Pidove,Normal,Flying,Big Pecks,Super Luck,Rivalry,5,50,55,50,36,30,43,264
519,520,Tranquill,Normal,Flying,Big Pecks,Super Luck,Rivalry,5,62,77,62,50,42,65,358
520,521,Unfezant,Normal,Flying,Big Pecks,Super Luck,Rivalry,5,80,105,80,65,55,93,478
521,522,Blitzle,Electric,,Lightning Rod,Motor Drive,Sap Sipper,5,45,60,32,50,32,76,295
522,523,Zebstrika,Electric,,Lightning Rod,Motor Drive,Sap Sipper,5,75,100,63,80,63,116,497
523,524,Roggenrola,Rock,,Sturdy,Weak Armor,Sand Force,5,55,75,85,25,25,15,280
524,525,Boldore,Rock,,Sturdy,Weak Armor,Sand Force,5,70,105,105,50,40,20,390
525,526,Gigalith,Rock,,Sturdy,Sand Stream,Sand Force,5,85,135,130,60,70,25,505
526,527,Woobat,Psychic,Flying,Unaware,Klutz,Simple,5,55,45,43,55,43,72,313
527,528,Swoobat,Psychic,Flying,Unaware,Klutz,Simple,5,67,57,55,77,55,114,425
528,529,Drilbur,Ground,,Sand Rush,Sand Force,Mold Breaker,5,60,85,40,30,45,68,328
529,530,Excadrill,Ground,Steel,Sand Rush,Sand Force,Mold Breaker,5,110,135,60,50,65,88,508
530,531,Audino,Normal,,Healer,Regenerator,Klutz,5,103,60,86,60,86,50,445
531,532,Timburr,Fighting,,Guts,Sheer Force,Iron Fist,5,75,80,55,25,35,35,305
532,533,Gurdurr,Fighting,,Guts,Sheer Force,Iron Fist,5,85,105,85,40,50,40,405
533,534,Conkeldurr,Fighting,,Guts,Sheer Force,Iron Fist,5,105,140,95,55,65,45,505
534,535,Tympole,Water,,Swift Swim,Hydration,Water Absorb,5,50,50,40,50,40,64,294
535,536,Palpitoad,Water,Ground,Swift Swim,Hydration,Water Absorb,5,75,65,55,65,55,69,384
536,537,Seismitoad,Water,Ground,Swift Swim,Poison Touch,Water Absorb,5,105,85,75,85,75,74,499
537,538,Throh,Fighting,,Guts,Inner Focus,Mold Breaker,5,120,100,85,30,85,45,465
538,539,Sawk,Fighting,,Sturdy,Inner Focus,Mold Breaker,5,75,125,75,30,75,85,465
539,540,Sewaddle,Bug,Grass,Swarm,Chlorophyll,Overcoat,5,45,53,70,40,60,42,310
540,541,Swadloon,Bug,Grass,Leaf Guard,Chlorophyll,Overcoat,5,55,63,90,50,80,42,380
541,542,Leavanny,Bug,Grass,Swarm,Chlorophyll,Overcoat,5,75,103,80,70,70,92,490
542,543,Venipede,Bug,Poison,Poison Point,Swarm,Speed Boost,5,30,45,59,30,39,57,260
543,544,Whirlipede,Bug,Poison,Poison Point,Swarm,Speed Boost,5,40,55,99,40,79,47,360
544,545,Scolipede,Bug,Poison,Poison Point,Swarm,Speed Boost,5,60,90,89,55,69,112,475
545,546,Cottonee,Grass,Fairy,Prankster,Infiltrator,Chlorophyll,5,40,27,60,37,50,66,280
546,547,Whimsicott,Grass,Fairy,Prankster,Infiltrator,Chlorophyll,5,60,67,85,77,75,116,480
547,548,Petilil,Grass,,Chlorophyll,Own Tempo,Leaf Guard,5,45,35,50,70,50,30,280
548,549,Lilligant,Grass,,Chlorophyll,Own Tempo,Chlorophyll,5,70,60,75,110,75,90,480
549,550,Basculin,Water,,Reckless,*,Rock Head,5,70,92,65,80,55,98,460
550,551,Sandile,Ground,Dark,Intimidate,Moxie,Anger Point,5,50,72,35,35,35,65,292
551,552,Krokorok,Ground,Dark,Intimidate,Moxie,Anger Point,5,60,82,45,45,45,74,351
552,553,Krookodile,Ground,Dark,Intimidate,Moxie,Anger Point,5,95,117,70,65,70,92,509
553,554,Darumaka,Fire,,Hustle,,Inner Focus,5,70,90,45,15,45,50,315
554,555,Darmanitan,Fire,,Sheer Force,,Gorilla Tactics,5,105,140,55,30,55,95,480
555,556,Maractus,Grass,,Water Absorb,Chlorophyll,Storm Drain,5,75,86,67,106,67,60,461
556,557,Dwebble,Bug,Rock,Sturdy,Shell Armor,Weak Armor,5,50,65,85,35,35,55,325
557,558,Crustle,Bug,Rock,Sturdy,Shell Armor,Weak Armor,5,70,95,125,65,75,45,475
558,559,Scraggy,Dark,Fighting,Shed Skin,Moxie,Intimidate,5,50,75,70,35,70,48,348
559,560,Scrafty,Dark,Fighting,Shed Skin,Moxie,Intimidate,5,65,90,115,45,115,58,488
560,561,Sigilyph,Psychic,Flying,Wonder Skin,Magic Guard,Tinted Lens,5,72,58,80,103,80,97,490
561,562,Yamask,Ghost,,Mummy,,Wandering Spirit,5,38,30,85,55,65,30,303
562,563,Cofagrigus,Ghost,,Mummy,,,5,58,50,145,95,105,30,483
563,564,Tirtouga,Water,Rock,Solid Rock,Sturdy,Swift Swim,5,54,78,103,53,45,22,355
564,565,Carracosta,Water,Rock,Solid Rock,Sturdy,Swift Swim,5,74,108,133,83,65,32,495
565,566,Archen,Rock,Flying,Defeatist,,,5,55,112,45,74,45,70,401
566,567,Archeops,Rock,Flying,Defeatist,,,5,75,140,65,112,65,110,567
567,568,Trubbish,Poison,,Stench,Sticky Hold,Aftermath,5,50,50,62,40,62,65,329
568,569,Garbodor,Poison,,Stench,Weak Armor,Aftermath,5,80,95,82,60,82,75,474
569,570,Zorua,Dark,,Illusion,,,5,40,65,40,80,40,65,330
570,571,Zoroark,Dark,,Illusion,,,5,60,105,60,120,60,105,510
571,572,Minccino,Normal,,Cute Charm,Technician,Skill Link,5,55,50,40,40,40,75,300
572,573,Cinccino,Normal,,Cute Charm,Technician,Skill Link,5,75,95,60,65,60,115,470
573,574,Gothita,Psychic,,Frisk,Competitive,Shadow Tag,5,45,30,50,55,65,45,290
574,575,Gothorita,Psychic,,Frisk,Competitive,Shadow Tag,5,60,45,70,75,85,55,390
575,576,Gothitelle,Psychic,,Frisk,Competitive,Shadow Tag,5,70,55,95,95,110,65,490
576,577,Solosis,Psychic,,Overcoat,Magic Guard,Regenerator,5,45,30,40,105,50,20,290
577,578,Duosion,Psychic,,Overcoat,Magic Guard,Regenerator,5,65,40,50,125,60,30,370
578,579,Reuniclus,Psychic,,Overcoat,Magic Guard,Regenerator,5,110,65,75,125,85,30,490
579,580,Ducklett,Water,Flying,Keen Eye,Big Pecks,Hydration,5,62,44,50,44,50,55,305
580,581,Swanna,Water,Flying,Keen Eye,Big Pecks,Hydration,5,75,87,63,87,63,98,473
581,582,Vanillite,Ice,,Ice Body,Snow Cloak,Weak Armor,5,36,50,50,65,60,44,305
582,583,Vanillish,Ice,,Ice Body,Snow Cloak,Weak Armor,5,51,65,65,80,75,59,395
583,584,Vanilluxe,Ice,,Ice Body,Snow Warning,Weak Armor,5,71,95,85,110,95,79,535
584,585,Deerling,Normal,Grass,Chlorophyll,Sap Sipper,Serene Grace,5,60,60,50,40,50,75,335
585,586,Sawsbuck,Normal,Grass,Chlorophyll,Sap Sipper,Serene Grace,5,80,100,70,60,70,95,475
586,587,Emolga,Electric,Flying,Static,,Motor Drive,5,55,75,60,75,60,103,428
587,588,Karrablast,Bug,,Swarm,Shed Skin,No Guard,5,50,75,45,40,45,60,315
588,589,Escavalier,Bug,Steel,Swarm,Shell Armor,Overcoat,5,70,135,105,60,105,20,495
589,590,Foongus,Grass,Poison,Effect Spore,,Regenerator,5,69,55,45,55,55,15,294
590,591,Amoonguss,Grass,Poison,Effect Spore,,Regenerator,5,114,85,70,85,80,30,464
591,592,Frillish,Water,Ghost,Water Absorb,Cursed Body,Damp,5,55,40,50,65,85,40,335
592,593,Jellicent,Water,Ghost,Water Absorb,Cursed Body,Damp,5,100,60,70,85,105,60,480
593,594,Alomomola,Water,,Healer,Hydration,Regenerator,5,165,75,80,40,45,65,470
594,595,Joltik,Bug,Electric,Compound Eyes,Unnerve,Swarm,5,50,47,50,57,50,65,319
595,596,Galvantula,Bug,Electric,Compound Eyes,Unnerve,Swarm,5,70,77,60,97,60,108,472
596,597,Ferroseed,Grass,Steel,Iron Barbs,,,5,44,50,91,24,86,10,305
597,598,Ferrothorn,Grass,Steel,Iron Barbs,,Anticipation,5,74,94,131,54,116,20,489
598,599,Klink,Steel,,Plus,Minus,Clear Body,5,40,55,70,45,60,30,300
599,600,Klang,Steel,,Plus,Minus,Clear Body,5,60,80,95,70,85,50,440
600,601,Klinklang,Steel,,Plus,Minus,Clear Body,5,60,100,115,70,85,90,520
601,602,Tynamo,Electric,,Levitate,,,5,35,55,40,45,40,60,275
602,603,Eelektrik,Electric,,Levitate,,,5,65,85,70,75,70,40,405
603,604,Eelektross,Electric,,Levitate,,,5,85,115,80,105,80,50,515
604,605,Elgyem,Psychic,,Telepathy,Synchronize,Analytic,5,55,55,55,85,55,30,335
605,606,Beheeyem,Psychic,,Telepathy,Synchronize,Analytic,5,75,75,75,125,95,40,485
606,607,Litwick,Ghost,Fire,Flash Fire,Flame Body,Infiltrator,5,50,30,55,65,55,20,275
607,608,Lampent,Ghost,Fire,Flash Fire,Flame Body,Infiltrator,5,60,40,60,95,60,55,370
608,609,Chandelure,Ghost,Fire,Flash Fire,Flame Body,Infiltrator,5,60,55,90,145,90,80,520
609,610,Axew,Dragon,,Rivalry,Mold Breaker,Unnerve,5,46,87,60,30,40,57,320
610,611,Fraxure,Dragon,,Rivalry,Mold Breaker,Unnerve,5,66,117,70,40,50,67,410
611,612,Haxorus,Dragon,,Rivalry,Mold Breaker,Unnerve,5,76,147,90,60,70,97,540
612,613,Cubchoo,Ice,,Snow Cloak,Slush Rush,Rattled,5,55,70,40,60,40,40,305
613,614,Beartic,Ice,,Snow Cloak,Slush Rush,Swift Swim,5,95,110,80,70,80,50,485
614,615,Cryogonal,Ice,,Levitate,,,5,70,50,30,95,135,105,485
615,616,Shelmet,Bug,,Hydration,Shell Armor,Overcoat,5,50,40,85,40,65,25,305
616,617,Accelgor,Bug,,Hydration,Sticky Hold,Unburden,5,80,70,40,100,60,145,495
617,618,Stunfisk,Ground,Electric,Static,Limber,Mimicry,5,109,66,84,81,99,32,471
618,619,Mienfoo,Fighting,,Inner Focus,Regenerator,Reckless,5,45,85,50,55,50,65,350
619,620,Mienshao,Fighting,,Inner Focus,Regenerator,Reckless,5,65,125,60,95,60,105,510
620,621,Druddigon,Dragon,,Rough Skin,Sheer Force,Mold Breaker,5,77,120,90,60,90,48,485
621,622,Golett,Ground,Ghost,Iron Fist,Klutz,No Guard,5,59,74,50,35,50,35,303
622,623,Golurk,Ground,Ghost,Iron Fist,Klutz,No Guard,5,89,124,80,55,80,55,483
623,624,Pawniard,Dark,Steel,Defiant,Inner Focus,Pressure,5,45,85,70,40,40,60,340
624,625,Bisharp,Dark,Steel,Defiant,Inner Focus,Pressure,5,65,125,100,60,70,70,490
625,626,Bouffalant,Normal,,Reckless,Sap Sipper,Soundproof,5,95,110,95,40,95,55,490
626,627,Rufflet,Normal,Flying,Keen Eye,Sheer Force,Hustle,5,70,83,50,37,50,60,350
627,628,Braviary,Normal,Flying,Keen Eye,Sheer Force,Defiant,5,100,123,75,57,75,80,510
628,629,Vullaby,Dark,Flying,Big Pecks,Overcoat,Weak Armor,5,70,55,75,45,65,60,370
629,630,Mandibuzz,Dark,Flying,Big Pecks,Overcoat,Weak Armor,5,110,65,105,55,95,80,510
630,631,Heatmor,Fire,,Gluttony,Flash Fire,White Smoke,5,85,97,66,105,66,65,484
631,632,Durant,Bug,Steel,Swarm,Hustle,Truant,5,58,109,112,48,48,109,484
632,633,Deino,Dark,Dragon,Hustle,,,5,52,65,50,45,50,38,300
633,634,Zweilous,Dark,Dragon,Hustle,,,5,72,85,70,65,70,58,420
634,635,Hydreigon,Dark,Dragon,Levitate,,,5,92,105,90,125,90,98,600
635,636,Larvesta,Bug,Fire,Flame Body,,Swarm,5,55,85,55,50,55,60,360
636,637,Volcarona,Bug,Fire,Flame Body,,Swarm,5,85,60,65,135,105,100,550
637,638,Cobalion,Steel,Fighting,Justified,,,5,91,90,129,90,72,108,580
638,639,Terrakion,Rock,Fighting,Justified,,,5,91,129,90,72,90,108,580
639,640,Virizion,Grass,Fighting,Justified,,,5,91,90,72,90,129,108,580
640,641,Tornadus,Flying,,Prankster,,Defiant,5,79,115,70,125,80,111,580
641,642,Thundurus,Electric,Flying,Prankster,,Defiant,5,79,115,70,125,80,111,580
642,643,Reshiram,Dragon,Fire,Turboblaze,,,5,100,120,100,150,120,90,680
643,644,Zekrom,Dragon,Electric,Teravolt,,,5,100,150,120,120,100,90,680
644,645,Landorus,Ground,Flying,Sand Force,,Sheer Force,5,89,125,90,115,80,101,600
645,646,Kyurem,Dragon,Ice,Pressure,,Turboblaze,5,125,130,90,130,90,95,660
646,647,Keldeo,Water,Fighting,Justified,,,5,91,72,90,129,90,108,580
647,648,Meloetta,Normal,Psychic,Serene Grace,,,5,100,77,77,128,128,90,600
648,649,Genesect,Bug,Steel,Download,,,5,71,120,95,120,95,99,600
649,650,Chespin,Grass,,Overgrow,,Bulletproof,6,56,61,65,48,45,38,313
650,651,Quilladin,Grass,,Overgrow,,Bulletproof,6,61,78,95,56,58,57,405
651,652,Chesnaught,Grass,Fighting,Overgrow,,Bulletproof,6,88,107,122,74,75,64,530
652,653,Fennekin,Fire,,Blaze,,Magician,6,40,45,40,62,60,60,307
653,654,Braixen,Fire,,Blaze,,Magician,6,59,59,58,90,70,73,409
654,655,Delphox,Fire,Psychic,Blaze,,Magician,6,75,69,72,114,100,104,534
655,656,Froakie,Water,,Torrent,,Protean,6,41,56,40,62,44,71,314
656,657,Frogadier,Water,,Torrent,,Protean,6,54,63,52,83,56,97,405
657,658,Greninja,Water,Dark,Torrent,,Protean,6,72,95,67,103,71,122,530
658,659,Bunnelby,Normal,,Pickup,Cheek Pouch,Huge Power,6,38,36,38,32,36,57,237
659,660,Diggersby,Normal,Ground,Pickup,Cheek Pouch,Huge Power,6,85,56,77,50,77,78,423
660,661,Fletchling,Normal,Flying,Big Pecks,,Gale Wings,6,45,50,43,40,38,62,278
661,662,Fletchinder,Fire,Flying,Flame Body,,Gale Wings,6,62,73,55,56,52,84,382
662,663,Talonflame,Fire,Flying,Flame Body,,Gale Wings,6,78,81,71,74,69,126,499
663,664,Scatterbug,Bug,,Shield Dust,Compound Eyes,Friend Guard,6,38,35,40,27,25,35,200
664,665,Spewpa,Bug,,Shed Skin,,Friend Guard,6,45,22,60,27,30,29,213
665,666,Vivillon,Bug,Flying,Shield Dust,Compound Eyes,Friend Guard,6,80,52,50,90,50,89,411
666,667,Litleo,Fire,Normal,Rivalry,Unnerve,Moxie,6,62,50,58,73,54,72,369
667,668,Pyroar,Fire,Normal,Rivalry,Unnerve,Moxie,6,86,68,72,109,66,106,507
668,669,Flabébé,Fairy,,Flower Veil,,Symbiosis,6,44,38,39,61,79,42,303
669,670,Floette,Fairy,,Flower Veil,,Symbiosis,6,54,45,47,75,98,52,371
670,671,Florges,Fairy,,Flower Veil,,Symbiosis,6,78,65,68,112,154,75,552
671,672,Skiddo,Grass,,Sap Sipper,,Grass Pelt,6,66,65,48,62,57,52,350
672,673,Gogoat,Grass,,Sap Sipper,,Grass Pelt,6,123,100,62,97,81,68,531
673,674,Pancham,Fighting,,Iron Fist,Mold Breaker,Scrappy,6,67,82,62,46,48,43,348
674,675,Pangoro,Fighting,Dark,Iron Fist,Mold Breaker,Scrappy,6,95,124,78,69,71,58,495
675,676,Furfrou,Normal,,Fur Coat,,,6,75,80,60,65,90,102,472
676,677,Espurr,Psychic,,Keen Eye,Infiltrator,Own Tempo,6,62,48,54,63,60,68,355
677,678,Meowstic,Psychic,,Keen Eye,Infiltrator,Prankster,6,74,48,76,83,81,104,466
678,679,Honedge,Steel,Ghost,No Guard,,,6,45,80,100,35,37,28,325
679,680,Doublade,Steel,Ghost,No Guard,,,6,59,110,150,45,49,35,448
680,681,Aegislash,Steel,Ghost,Stance Change,,,6,60,50,150,50,150,60,520
681,682,Spritzee,Fairy,,Healer,,Aroma Veil,6,78,52,60,63,65,23,341
682,683,Aromatisse,Fairy,,Healer,,Aroma Veil,6,101,72,72,99,89,29,462
683,684,Swirlix,Fairy,,Sweet Veil,,Unburden,6,62,48,66,59,57,49,341
684,685,Slurpuff,Fairy,,Sweet Veil,,Unburden,6,82,80,86,85,75,72,480
685,686,Inkay,Dark,Psychic,Contrary,Suction Cups,Infiltrator,6,53,54,53,37,46,45,288
686,687,Malamar,Dark,Psychic,Contrary,Suction Cups,Infiltrator,6,86,92,88,68,75,73,482
687,688,Binacle,Rock,Water,Tough Claws,Sniper,Pickpocket,6,42,52,67,39,56,50,306
688,689,Barbaracle,Rock,Water,Tough Claws,Sniper,Pickpocket,6,72,105,115,54,86,68,500
689,690,Skrelp,Poison,Water,Poison Point,Poison Touch,Adaptability,6,50,60,60,60,60,30,320
690,691,Dragalge,Poison,Dragon,Poison Point,Poison Touch,Adaptability,6,65,75,90,97,123,44,494
691,692,Clauncher,Water,,Mega Launcher,,,6,50,53,62,58,63,44,330
692,693,Clawitzer,Water,,Mega Launcher,,,6,71,73,88,120,89,59,500
693,694,Helioptile,Electric,Normal,Dry Skin,Sand Veil,Solar Power,6,44,38,33,61,43,70,289
694,695,Heliolisk,Electric,Normal,Dry Skin,Sand Veil,Solar Power,6,62,55,52,109,94,109,481
695,696,Tyrunt,Rock,Dragon,Strong Jaw,,Sturdy,6,58,89,77,45,45,48,362
696,697,Tyrantrum,Rock,Dragon,Strong Jaw,,Rock Head,6,82,121,119,69,59,71,521
697,698,Amaura,Rock,Ice,Refrigerate,,Snow Warning,6,77,59,50,67,63,46,362
698,699,Aurorus,Rock,Ice,Refrigerate,,Snow Warning,6,123,77,72,99,92,58,521
699,700,Sylveon,Fairy,,Cute Charm,,Pixilate,6,95,65,65,110,130,60,525
700,701,Hawlucha,Fighting,Flying,Limber,Unburden,Mold Breaker,6,78,92,75,74,63,118,500
701,702,Dedenne,Electric,Fairy,Cheek Pouch,Pickup,Plus,6,67,58,57,81,67,101,431
702,703,Carbink,Rock,Fairy,Clear Body,,Sturdy,6,50,50,150,50,150,50,500
703,704,Goomy,Dragon,,Sap Sipper,Hydration,Gooey,6,45,50,35,55,75,40,300
704,705,Sliggoo,Dragon,,Sap Sipper,Hydration,Sap Sipper,6,68,75,53,83,113,60,452
705,706,Goodra,Dragon,,Sap Sipper,Hydration,Sap Sipper,6,90,100,70,110,150,80,600
706,707,Klefki,Steel,Fairy,Prankster,,Magician,6,57,80,91,80,87,75,470
707,708,Phantump,Ghost,Grass,Natural Cure,Frisk,Harvest,6,43,70,48,50,60,38,309
708,709,Trevenant,Ghost,Grass,Natural Cure,Frisk,Harvest,6,85,110,76,65,82,56,474
709,710,Pumpkaboo,Ghost,Grass,Pickup,Frisk,Insomnia,6,44,66,70,44,55,56,335
710,711,Gourgeist,Ghost,Grass,Pickup,Frisk,Insomnia,6,55,85,122,58,75,99,494
711,712,Bergmite,Ice,,Own Tempo,Ice Body,Sturdy,6,55,69,85,32,35,28,304
712,713,Avalugg,Ice,,Own Tempo,Ice Body,Strong Jaw,6,95,117,184,44,46,28,514
713,714,Noibat,Flying,Dragon,Frisk,Infiltrator,Telepathy,6,40,30,35,45,40,55,245
714,715,Noivern,Flying,Dragon,Frisk,Infiltrator,Telepathy,6,85,70,80,97,80,123,535
715,716,Xerneas,Fairy,,Fairy Aura,,,6,126,131,95,131,98,99,680
716,717,Yveltal,Dark,Flying,Dark Aura,,,6,126,131,95,131,98,99,680
717,718,Zygarde,Dragon,Ground,Aura Break,,Aura Break,6,108,100,121,81,95,95,600
718,719,Diancie,Rock,Fairy,Clear Body,,Magic Bounce,6,50,100,150,100,150,50,600
719,720,Hoopa,Psychic,Ghost,Magician,,,6,80,110,60,150,130,70,600
720,721,Volcanion,Fire,Water,Water Absorb,,,6,80,110,120,130,90,70,600
721,722,Rowlet,Grass,Flying,Overgrow,,Long Reach,7,68,55,55,50,50,42,320
722,723,Dartrix,Grass,Flying,Overgrow,,Long Reach,7,78,75,75,70,70,52,420
723,724,Decidueye,Grass,Ghost,Overgrow,,Long Reach,7,78,107,75,100,100,70,530
724,725,Litten,Fire,,Blaze,,Intimidate,7,45,65,40,60,40,70,320
725,726,Torracat,Fire,,Blaze,,Intimidate,7,65,85,50,80,50,90,420
726,727,Incineroar,Fire,Dark,Blaze,,Intimidate,7,95,115,90,80,90,60,530
727,728,Popplio,Water,,Torrent,,Liquid Voice,7,50,54,54,66,56,40,320
728,729,Brionne,Water,,Torrent,,Liquid Voice,7,60,69,69,91,81,50,420
729,730,Primarina,Water,Fairy,Torrent,,Liquid Voice,7,80,74,74,126,116,60,530
730,731,Pikipek,Normal,Flying,Keen Eye,Skill Link,Pickup,7,35,75,30,30,30,65,265
731,732,Trumbeak,Normal,Flying,Keen Eye,Skill Link,Pickup,7,55,85,50,40,50,75,355
732,733,Toucannon,Normal,Flying,Keen Eye,Skill Link,Sheer Force,7,80,120,75,75,75,60,485
733,734,Yungoos,Normal,,Stakeout,Strong Jaw,Adaptability,7,48,70,30,30,30,45,253
734,735,Gumshoos,Normal,,Stakeout,Strong Jaw,Adaptability,7,88,110,60,55,60,45,418
735,736,Grubbin,Bug,,Swarm,,,7,47,62,45,55,45,46,300
736,737,Charjabug,Bug,Electric,Battery,,,7,57,82,95,55,75,36,400
737,738,Vikavolt,Bug,Electric,Levitate,,,7,77,70,90,145,75,43,500
738,739,Crabrawler,Fighting,,Hyper Cutter,Iron Fist,Anger Point,7,47,82,57,42,47,63,338
739,740,Crabominable,Fighting,Ice,Hyper Cutter,Iron Fist,Anger Point,7,97,132,77,62,67,43,478
740,741,Oricorio,Fire,Flying,Dancer,,,7,75,70,70,98,70,93,476
741,742,Cutiefly,Bug,Fairy,Honey Gather,Shield Dust,Sweet Veil,7,40,45,40,55,40,84,304
742,743,Ribombee,Bug,Fairy,Honey Gather,Shield Dust,Sweet Veil,7,60,55,60,95,70,124,464
743,744,Rockruff,Rock,,Keen Eye,Vital Spirit,Steadfast,7,45,65,40,30,40,60,280
744,745,Lycanroc,Rock,,Keen Eye,Sand Rush,Keen Eye,7,75,115,65,55,65,112,487
745,746,Wishiwashi,Water,,Schooling,,,7,45,20,20,25,25,40,175
746,747,Mareanie,Poison,Water,Merciless,Limber,Regenerator,7,50,53,62,43,52,45,305
747,748,Toxapex,Poison,Water,Merciless,Limber,Regenerator,7,50,63,152,53,142,35,495
748,749,Mudbray,Ground,,Own Tempo,Stamina,Inner Focus,7,70,100,70,45,55,45,385
749,750,Mudsdale,Ground,,Own Tempo,Stamina,Inner Focus,7,100,125,100,55,85,35,500
750,751,Dewpider,Water,Bug,Water Bubble,,Water Absorb,7,38,40,52,40,72,27,269
751,752,Araquanid,Water,Bug,Water Bubble,,Water Absorb,7,68,70,92,50,132,42,454
752,753,Fomantis,Grass,,Leaf Guard,,Contrary,7,40,55,35,50,35,35,250
753,754,Lurantis,Grass,,Leaf Guard,,Contrary,7,70,105,90,80,90,45,480
754,755,Morelull,Grass,Fairy,Illuminate,Effect Spore,Rain Dish,7,40,35,55,65,75,15,285
755,756,Shiinotic,Grass,Fairy,Illuminate,Effect Spore,Rain Dish,7,60,45,80,90,100,30,405
756,757,Salandit,Poison,Fire,Corrosion,,Oblivious,7,48,44,40,71,40,77,320
757,758,Salazzle,Poison,Fire,Corrosion,,Oblivious,7,68,64,60,111,60,117,480
758,759,Stufful,Normal,Fighting,Fluffy,Klutz,Cute Charm,7,70,75,50,45,50,50,340
759,760,Bewear,Normal,Fighting,Fluffy,Klutz,Unnerve,7,120,125,80,55,60,60,500
760,761,Bounsweet,Grass,,Leaf Guard,Oblivious,Sweet Veil,7,42,30,38,30,38,32,210
761,762,Steenee,Grass,,Leaf Guard,Oblivious,Sweet Veil,7,52,40,48,40,48,62,290
762,763,Tsareena,Grass,,Leaf Guard,Queenly Majesty,Sweet Veil,7,72,120,98,50,98,72,510
763,764,Comfey,Fairy,,Flower Veil,Triage,Natural Cure,7,51,52,90,82,110,100,485
764,765,Oranguru,Normal,Psychic,Inner Focus,Telepathy,Symbiosis,7,90,60,80,90,110,60,490
765,766,Passimian,Fighting,,Receiver,,Defiant,7,100,120,90,40,60,80,490
766,767,Wimpod,Bug,Water,Wimp Out,,,7,25,35,40,20,30,80,230
767,768,Golisopod,Bug,Water,Emergency Exit,,,7,75,125,140,60,90,40,530
768,769,Sandygast,Ghost,Ground,Water Compaction,,Sand Veil,7,55,55,80,70,45,15,320
769,770,Palossand,Ghost,Ground,Water Compaction,,Sand Veil,7,85,75,110,100,75,35,480
770,771,Pyukumuku,Water,,Innards Out,,Unaware,7,55,60,130,30,130,5,410
771,772,Type: Null,Normal,,Battle Armor,,,7,95,95,95,95,95,59,534
772,773,Silvally,Normal,,RKS System,,,7,95,95,95,95,95,95,570
773,774,Minior,Rock,Flying,Shields Down,,,7,60,60,100,60,100,60,440
774,775,Komala,Normal,,Comatose,,,7,65,115,65,75,95,65,480
775,776,Turtonator,Fire,Dragon,Shell Armor,,,7,60,78,135,91,85,36,485
776,777,Togedemaru,Electric,Steel,Iron Barbs,Lightning Rod,Sturdy,7,65,98,63,40,73,96,435
777,778,Mimikyu,Ghost,Fairy,Disguise,,,7,55,90,80,50,105,96,476
778,779,Bruxish,Water,Psychic,Dazzling,Strong Jaw,Wonder Skin,7,68,105,70,70,70,92,475
779,780,Drampa,Normal,Dragon,Berserk,Sap Sipper,Cloud Nine,7,78,60,85,135,91,36,485
780,781,Dhelmise,Ghost,Grass,Steelworker,,,7,70,131,100,86,90,40,517
781,782,Jangmo-o,Dragon,,Bulletproof,Soundproof,Overcoat,7,45,55,65,45,45,45,300
782,783,Hakamo-o,Dragon,Fighting,Bulletproof,Soundproof,Overcoat,7,55,75,90,65,70,65,420
783,784,Kommo-o,Dragon,Fighting,Bulletproof,Soundproof,Overcoat,7,75,110,125,100,105,85,600
784,785,Tapu Koko,Electric,Fairy,Electric Surge,,Telepathy,7,70,115,85,95,75,130,570
785,786,Tapu Lele,Psychic,Fairy,Psychic Surge,,Telepathy,7,70,85,75,130,115,95,570
786,787,Tapu Bulu,Grass,Fairy,Grassy Surge,,Telepathy,7,70,130,115,85,95,75,570
787,788,Tapu Fini,Water,Fairy,Misty Surge,,Telepathy,7,70,75,115,95,130,85,570
788,789,Cosmog,Psychic,,Unaware,,,7,43,29,31,29,31,37,200
789,790,Cosmoem,Psychic,,Sturdy,,,7,43,29,131,29,131,37,400
790,791,Solgaleo,Psychic,Steel,Full Metal Body,,,7,137,137,107,113,89,97,680
791,792,Lunala,Psychic,Ghost,Shadow Shield,,,7,137,113,89,137,107,97,680
792,793,Nihilego,Rock,Poison,Beast Boost,,,7,109,53,47,127,131,103,570
793,794,Buzzwole,Bug,Fighting,Beast Boost,,,7,107,139,139,53,53,79,570
794,795,Pheromosa,Bug,Fighting,Beast Boost,,,7,71,137,37,137,37,151,570
795,796,Xurkitree,Electric,,Beast Boost,,,7,83,89,71,173,71,83,570
796,797,Celesteela,Steel,Flying,Beast Boost,,,7,97,101,103,107,101,61,570
797,798,Kartana,Grass,Steel,Beast Boost,,,7,59,181,131,59,31,109,570
798,799,Guzzlord,Dark,Dragon,Beast Boost,,,7,223,101,53,97,53,43,570
799,800,Necrozma,Psychic,,Prism Armor,,,7,97,107,101,127,89,79,600
800,801,Magearna,Steel,Fairy,Soul-Heart,,,7,80,95,115,130,115,65,600
801,802,Marshadow,Fighting,Ghost,Technician,,,7,90,125,80,90,90,125,600
802,803,Poipole,Poison,,Beast Boost,,,7,67,73,67,73,67,73,420
803,804,Naganadel,Poison,Dragon,Beast Boost,,,7,73,73,73,127,73,121,540
804,805,Stakataka,Rock,Steel,Beast Boost,,,7,61,131,211,53,101,13,570
805,806,Blacephalon,Fire,Ghost,Beast Boost,,,7,53,127,53,151,79,107,570
806,807,Zeraora,Electric,,Volt Absorb,,,7,88,112,75,102,80,143,600
807,808,Meltan,Steel,,Magnet Pull,,,7,46,65,65,55,35,34,300
808,809,Melmetal,Steel,,Iron Fist,,,7,135,143,143,80,65,34,600
809,810,Grookey,Grass,,Overgrow,,Grassy Surge,8,50,65,50,40,40,65,310
810,811,Thwackey,Grass,,Overgrow,,Grassy Surge,8,70,85,70,55,60,80,420
811,812,Rillaboom,Grass,,Overgrow,,Grassy Surge,8,100,125,90,60,70,85,530
812,813,Scorbunny,Fire,,Blaze,,Libero,8,50,71,40,40,40,69,310
813,814,Raboot,Fire,,Blaze,,Libero,8,65,86,60,55,60,94,420
814,815,Cinderace,Fire,,Blaze,,Libero,8,80,116,75,65,75,119,530
815,816,Sobble,Water,,Torrent,,Sniper,8,50,40,40,70,40,70,310
816,817,Drizzile,Water,,Torrent,,Sniper,8,65,60,55,95,55,90,420
817,818,Inteleon,Water,,Torrent,,Sniper,8,70,85,65,125,65,120,530
818,819,Skwovet,Normal,,Cheek Pouch,,Gluttony,8,70,55,55,35,35,25,275
819,820,Greedent,Normal,,Cheek Pouch,,Gluttony,8,120,95,95,55,75,20,460
820,821,Rookidee,Flying,,Keen Eye,Unnerve,Big Pecks,8,38,47,35,33,35,57,245
821,822,Corvisquire,Flying,,Keen Eye,Unnerve,Big Pecks,8,68,67,55,43,55,77,365
822,823,Corviknight,Flying,Steel,Pressure,Unnerve,Mirror Armor,8,98,87,105,53,85,67,495
823,824,Blipbug,Bug,,Swarm,Compound Eyes,Telepathy,8,25,20,20,25,45,45,180
824,825,Dottler,Bug,Psychic,Swarm,Compound Eyes,Telepathy,8,50,35,80,50,90,30,335
825,826,Orbeetle,Bug,Psychic,Swarm,Frisk,Telepathy,8,60,45,110,80,120,90,505
826,827,Nickit,Dark,,Run Away,Unburden,Stakeout,8,40,28,28,47,52,50,245
827,828,Thievul,Dark,,Run Away,Unburden,Stakeout,8,70,58,58,87,92,90,455
828,829,Gossifleur,Grass,,Cotton Down,Regenerator,Effect Spore,8,40,40,60,40,60,10,250
829,830,Eldegoss,Grass,,Cotton Down,Regenerator,Effect Spore,8,60,50,90,80,120,60,460
830,831,Wooloo,Normal,,Fluffy,Run Away,Bulletproof,8,42,40,55,40,45,48,270
831,832,Dubwool,Normal,,Fluffy,Steadfast,Bulletproof,8,72,80,100,60,90,88,490
832,833,Chewtle,Water,,Strong Jaw,Shell Armor,Swift Swim,8,50,64,50,38,38,44,284
833,834,Drednaw,Water,Rock,Strong Jaw,Shell Armor,Swift Swim,8,90,115,90,48,68,74,485
834,835,Yamper,Electric,,Ball Fetch,,Rattled,8,59,45,50,40,50,26,270
835,836,Boltund,Electric,,Strong Jaw,,Competitive,8,69,90,60,90,60,121,490
836,837,Rolycoly,Rock,,Steam Engine,Heatproof,Flash Fire,8,30,40,50,40,50,30,240
837,838,Carkol,Rock,Fire,Steam Engine,Flame Body,Flash Fire,8,80,60,90,60,70,50,410
838,839,Coalossal,Rock,Fire,Steam Engine,Flame Body,Flash Fire,8,110,80,120,80,90,30,510
839,840,Applin,Grass,Dragon,Ripen,Gluttony,Bulletproof,8,40,40,80,40,40,20,260
840,841,Flapple,Grass,Dragon,Ripen,Gluttony,Hustle,8,70,110,80,95,60,70,485
841,842,Appletun,Grass,Dragon,Ripen,Gluttony,Thick Fat,8,110,85,80,100,80,30,485
842,843,Silicobra,Ground,,Sand Spit,Shed Skin,Sand Veil,8,52,57,75,35,50,46,315
843,844,Sandaconda,Ground,,Sand Spit,Shed Skin,Sand Veil,8,72,107,125,65,70,71,510
844,845,Cramorant,Flying,Water,Gulp Missile,,,8,70,85,55,85,95,85,475
845,846,Arrokuda,Water,,Swift Swim,,Propeller Tail,8,41,63,40,40,30,66,280
846,847,Barraskewda,Water,,Swift Swim,,Propeller Tail,8,61,123,60,60,50,136,490
847,848,Toxel,Electric,Poison,Rattled,Static,Klutz,8,40,38,35,54,35,40,242
848,849,Toxtricity,Electric,Poison,Punk Rock,Plus,Punk Rock,8,75,98,70,114,70,75,502
849,850,Sizzlipede,Fire,Bug,Flash Fire,White Smoke,Flame Body,8,50,65,45,50,50,45,305
850,851,Centiskorch,Fire,Bug,Flash Fire,White Smoke,Flame Body,8,100,115,65,90,90,65,525
851,852,Clobbopus,Fighting,,Limber,,Technician,8,50,68,60,50,50,32,310
852,853,Grapploct,Fighting,,Limber,,Technician,8,80,118,90,70,80,42,480
853,854,Sinistea,Ghost,,Weak Armor,,Cursed Body,8,40,45,45,74,54,50,308
854,855,Polteageist,Ghost,,Weak Armor,,Cursed Body,8,60,65,65,134,114,70,508
855,856,Hatenna,Psychic,,Healer,Anticipation,Magic Bounce,8,42,30,45,56,53,39,265
856,857,Hattrem,Psychic,,Healer,Anticipation,Magic Bounce,8,57,40,65,86,73,49,370
857,858,Hatterene,Psychic,Fairy,Healer,Anticipation,Magic Bounce,8,57,90,95,136,103,29,510
858,859,Impidimp,Dark,Fairy,Prankster,Frisk,Pickpocket,8,45,45,30,55,40,50,265
859,860,Morgrem,Dark,Fairy,Prankster,Frisk,Pickpocket,8,65,60,45,75,55,70,370
860,861,Grimmsnarl,Dark,Fairy,Prankster,Frisk,Pickpocket,8,95,120,65,95,75,60,510
861,862,Obstagoon,Dark,Normal,Reckless,Guts,Defiant,8,93,90,101,60,81,95,520
862,863,Perrserker,Steel,,Battle Armor,Tough Claws,Steely Spirit,8,70,110,100,50,60,50,440
863,864,Cursola,Ghost,,Weak Armor,,Perish Body,8,60,95,50,145,130,30,510
864,865,Sirfetch'd,Fighting,,Steadfast,,Scrappy,8,62,135,95,68,82,65,507
865,866,Mr. Rime,Ice,Psychic,Tangled Feet,Screen Cleaner,Ice Body,8,80,85,75,110,100,70,520
866,867,Runerigus,Ground,Ghost,Wandering Spirit,,,8,58,95,145,50,105,30,483
867,868,Milcery,Fairy,,Sweet Veil,,Aroma Veil,8,45,40,40,50,61,34,270
868,869,Alcremie,Fairy,,Sweet Veil,,Aroma Veil,8,65,60,75,110,121,64,495
869,870,Falinks,Fighting,,Battle Armor,,Defiant,8,65,100,100,70,60,75,470
870,871,Pincurchin,Electric,,Lightning Rod,,Electric Surge,8,48,101,95,91,85,15,435
871,872,Snom,Ice,Bug,Shield Dust,,Ice Scales,8,30,25,35,45,30,20,185
872,873,Frosmoth,Ice,Bug,Shield Dust,,Ice Scales,8,70,65,60,125,90,65,475
873,874,Stonjourner,Rock,,Power Spot,,,8,100,125,135,20,20,70,470
874,875,Eiscue,Ice,,Ice Face,,,8,75,80,110,65,90,50,470
875,876,Indeedee,Psychic,Normal,Inner Focus,Synchronize,Own Tempo,8,60,65,55,105,95,95,475
876,877,Morpeko,Electric,Dark,Hunger Switch,,,8,58,95,58,70,58,97,436
877,878,Cufant,Steel,,Sheer Force,,Heavy Metal,8,72,80,49,40,49,40,330
878,879,Copperajah,Steel,,Sheer Force,,Heavy Metal,8,122,130,69,80,69,30,500
879,880,Dracozolt,Electric,Dragon,Volt Absorb,Hustle,Sand Rush,8,90,100,90,80,70,75,505
880,881,Arctozolt,Electric,Ice,Volt Absorb,Static,Slush Rush,8,90,100,90,90,80,55,505
881,882,Dracovish,Water,Dragon,Water Absorb,Strong Jaw,Sand Rush,8,90,90,100,70,80,75,505
882,883,Arctovish,Water,Ice,Water Absorb,Ice Body,Slush Rush,8,90,90,100,80,90,55,505
883,884,Duraludon,Steel,Dragon,Light Metal,Heavy Metal,Stalwart,8,70,95,115,120,50,85,535
884,885,Dreepy,Dragon,Ghost,Clear Body,Infiltrator,Cursed Body,8,28,60,30,40,30,82,270
885,886,Drakloak,Dragon,Ghost,Clear Body,Infiltrator,Cursed Body,8,68,80,50,60,50,102,410
886,887,Dragapult,Dragon,Ghost,Clear Body,Infiltrator,Cursed Body,8,88,120,75,100,75,142,600
887,888,Zacian,Fairy,,Intrepid Sword,,,8,92,130,115,80,115,138,670
888,889,Zamazenta,Fighting,,Dauntless Shield,,,8,92,130,115,80,115,138,670
889,890,Eternatus,Poison,Dragon,Pressure,,,8,140,85,95,145,95,130,690
890,891,Kubfu,Fighting,,Inner Focus,,,8,60,90,60,53,50,72,385
891,892,Urshifu,Fighting,Dark,Unseen Fist,,,8,100,130,100,63,60,97,550
892,893,Zarude,Dark,Grass,Leaf Guard,,,8,105,120,105,70,95,105,600
893,894,Regieleki,Electric,,Transistor,,,8,80,100,50,100,50,200,580
894,895,Regidrago,Dragon,,Dragon's Maw,,,8,200,100,50,100,50,80,580
895,896,Glastrier,Ice,,Chilling Neigh,,,8,100,145,130,65,110,30,580
896,897,Spectrier,Ghost,,Grim Neigh,,,8,100,65,60,145,80,130,580
897,898,Calyrex,Psychic,Grass,Unnerve,,,8,100,80,80,80,80,80,500
898,899,Wyrdeer,Normal,Psychic,Intimidate,Frisk,Sap Sipper,8,103,105,72,105,75,65,525
899,900,Kleavor,Bug,Rock,Swarm,Sheer Force,Sharpness,8,70,135,95,45,70,85,500
900,901,Ursaluna,Ground,Normal,Guts,Bulletproof,Unnerve,8,130,140,105,45,80,50,550
901,902,Basculegion,Water,Ghost,Swift Swim,Adaptability,Mold Breaker,8,120,112,65,80,75,78,530
902,903,Sneasler,Fighting,Poison,Pressure,Unburden,Poison Touch,8,80,130,60,40,80,120,510
903,904,Overqwil,Dark,Poison,Poison Point,Swift Swim,Intimidate,8,85,115,95,65,65,85,510
904,905,Enamorus,Fairy,Flying,Cute Charm,,Contrary,8,74,115,70,135,80,106,580
905,906,Sprigatito,Grass,,Overgrow,,Protean,9,40,61,54,45,45,65,310
906,907,Floragato,Grass,,Overgrow,,Protean,9,61,80,63,60,63,83,410
907,908,Meowscarada,Grass,Dark,Overgrow,,Protean,9,76,110,70,81,70,123,530
908,909,Fuecoco,Fire,,Blaze,,Unaware,9,67,45,59,63,40,36,310
909,910,Crocalor,Fire,,Blaze,,Unaware,9,81,55,78,90,58,49,411
910,911,Skeledirge,Fire,Ghost,Blaze,,Unaware,9,104,75,100,110,75,66,530
911,912,Quaxly,Water,,Torrent,,Moxie,9,55,65,45,50,45,50,310
912,913,Quaxwell,Water,,Torrent,,Moxie,9,70,85,65,65,60,65,410
913,914,Quaquaval,Water,Fighting,Torrent,,Moxie,9,85,120,80,85,75,85,530
914,915,Lechonk,Normal,,Aroma Veil,Gluttony,Thick Fat,9,54,45,40,35,45,35,254
915,916,Oinkologne,Normal,,Lingering Aroma,Gluttony,Aroma Veil,9,110,100,75,59,80,65,489
916,917,Tarountula,Bug,,Insomnia,,Stakeout,9,35,41,45,29,40,20,210
917,918,Spidops,Bug,,Insomnia,,Stakeout,9,60,79,92,52,86,35,404
918,919,Nymble,Bug,,Swarm,,Tinted Lens,9,33,46,40,21,25,45,210
919,920,Lokix,Bug,Dark,Swarm,,Tinted Lens,9,71,102,78,52,55,92,450
920,921,Pawmi,Electric,,Static,Natural Cure,Iron Fist,9,45,50,20,40,25,60,240
921,922,Pawmo,Electric,Fighting,Volt Absorb,Natural Cure,Iron Fist,9,60,75,40,50,40,85,350
922,923,Pawmot,Electric,Fighting,Volt Absorb,Natural Cure,Iron Fist,9,70,115,70,70,60,105,490
923,924,Tandemaus,Normal,,Run Away,Pickup,Own Tempo,9,50,50,45,40,45,75,305
924,925,Maushold,Normal,,Friend Guard,Cheek Pouch,Technician,9,74,75,70,65,75,111,470
925,926,Fidough,Fairy,,Own Tempo,,Klutz,9,37,55,70,30,55,65,312
926,927,Dachsbun,Fairy,,Well-Baked Body,,Aroma Veil,9,57,80,115,50,80,95,477
927,928,Smoliv,Grass,Normal,Early Bird,,Harvest,9,41,35,45,58,51,30,260
928,929,Dolliv,Grass,Normal,Early Bird,,Harvest,9,52,53,60,78,78,33,354
929,930,Arboliva,Grass,Normal,Seed Sower,,Harvest,9,78,69,90,125,109,39,510
930,931,Squawkabilly,Normal,Flying,Intimidate,Hustle,Guts,9,82,96,51,45,51,92,417
931,932,Nacli,Rock,,Purifying Salt,Sturdy,Clear Body,9,55,55,75,35,35,25,280
932,933,Naclstack,Rock,,Purifying Salt,Sturdy,Clear Body,9,60,60,100,35,65,35,355
933,934,Garganacl,Rock,,Purifying Salt,Sturdy,Clear Body,9,100,100,130,45,90,35,500
934,935,Charcadet,Fire,,Flash Fire,,Flame Body,9,40,50,40,50,40,35,255
935,936,Armarouge,Fire,Psychic,Flash Fire,,Weak Armor,9,85,60,100,125,80,75,525
936,937,Ceruledge,Fire,Ghost,Flash Fire,,Weak Armor,9,75,125,80,60,100,85,525
937,938,Tadbulb,Electric,,Own Tempo,Static,Damp,9,61,31,41,59,35,45,272
938,939,Bellibolt,Electric,,Electromorphosis,Static,Damp,9,109,64,91,103,83,45,495
939,940,Wattrel,Electric,Flying,Wind Power,Volt Absorb,Competitive,9,40,40,35,55,40,70,280
940,941,Kilowattrel,Electric,Flying,Wind Power,Volt Absorb,Competitive,9,70,70,60,105,60,125,490
941,942,Maschiff,Dark,,Intimidate,Run Away,Stakeout,9,60,78,60,40,51,51,340
942,943,Mabosstiff,Dark,,Intimidate,Guard Dog,Stakeout,9,80,120,90,60,70,85,505
943,944,Shroodle,Poison,Normal,Unburden,Pickpocket,Prankster,9,40,65,35,40,35,75,290
944,945,Grafaiai,Poison,Normal,Unburden,Poison Touch,Prankster,9,63,95,65,80,72,110,485
945,946,Bramblin,Grass,Ghost,Wind Rider,,Infiltrator,9,40,65,30,45,35,60,275
946,947,Brambleghast,Grass,Ghost,Wind Rider,,Infiltrator,9,55,115,70,80,70,90,480
947,948,Toedscool,Ground,Grass,Mycelium Might,,,9,40,40,35,50,100,70,335
948,949,Toedscruel,Ground,Grass,Mycelium Might,,,9,80,70,65,80,120,100,515
949,950,Klawf,Rock,,Anger Shell,Shell Armor,Regenerator,9,70,100,115,35,55,75,450
950,951,Capsakid,Grass,,Chlorophyll,Insomnia,Klutz,9,50,62,40,62,40,50,304
951,952,Scovillain,Grass,Fire,Chlorophyll,Insomnia,Moody,9,65,108,65,108,65,75,486
952,953,Rellor,Bug,,Compound Eyes,,Shed Skin,9,41,50,60,31,58,30,270
953,954,Rabsca,Bug,Psychic,Synchronize,,Telepathy,9,75,50,85,115,100,45,470
954,955,Flittle,Psychic,,Anticipation,Frisk,Speed Boost,9,30,35,30,55,30,75,255
955,956,Espathra,Psychic,,Opportunist,Frisk,Speed Boost,9,95,60,60,101,60,105,481
956,957,Tinkatink,Fairy,Steel,Mold Breaker,Own Tempo,Pickpocket,9,50,45,45,35,64,58,297
957,958,Tinkatuff,Fairy,Steel,Mold Breaker,Own Tempo,Pickpocket,9,65,55,55,45,82,78,380
958,959,Tinkaton,Fairy,Steel,Mold Breaker,Own Tempo,Pickpocket,9,85,75,77,70,105,94,506
959,960,Wiglett,Water,,Gooey,Rattled,Sand Veil,9,10,55,25,35,25,95,245
960,961,Wugtrio,Water,,Gooey,Rattled,Sand Veil,9,35,100,50,50,70,120,425
961,962,Bombirdier,Flying,Dark,Big Pecks,Keen Eye,Rocky Payload,9,70,103,85,60,85,82,485
962,963,Finizen,Water,,Water Veil,,,9,70,45,40,45,40,75,315
963,964,Palafin,Water,,Zero to Hero,,,9,100,70,72,53,62,100,457
964,965,Varoom,Steel,Poison,Overcoat,,Slow Start,9,45,70,63,30,45,47,300
965,966,Revavroom,Steel,Poison,Overcoat,,Filter,9,80,119,90,54,67,90,500
966,967,Cyclizar,Dragon,Normal,Shed Skin,,Regenerator,9,70,95,65,85,65,121,501
967,968,Orthworm,Steel,,Earth Eater,,Sand Veil,9,70,85,145,60,55,65,480
968,969,Glimmet,Rock,Poison,Toxic Debris,,Corrosion,9,48,35,42,105,60,60,350
969,970,Glimmora,Rock,Poison,Toxic Debris,,Corrosion,9,83,55,90,130,81,86,525
970,971,Greavard,Ghost,,Pickup,,Fluffy,9,50,61,60,30,55,34,290
971,972,Houndstone,Ghost,,Sand Rush,,Fluffy,9,72,101,100,50,97,68,488
972,973,Flamigo,Flying,Fighting,Scrappy,Tangled Feet,Costar,9,82,115,74,75,64,90,500
973,974,Cetoddle,Ice,,Thick Fat,Snow Cloak,Sheer Force,9,108,68,45,30,40,43,334
974,975,Cetitan,Ice,,Thick Fat,Slush Rush,Sheer Force,9,170,113,65,45,55,73,521
975,976,Veluza,Water,Psychic,Mold Breaker,,Sharpness,9,90,102,73,78,65,70,478
976,977,Dondozo,Water,,Unaware,Oblivious,Water Veil,9,150,100,115,65,65,35,530
977,978,Tatsugiri,Dragon,Water,Commander,,Storm Drain,9,68,50,60,120,95,82,475
978,979,Annihilape,Fighting,Ghost,Vital Spirit,Inner Focus,Defiant,9,110,115,80,50,90,90,535
979,980,Clodsire,Poison,Ground,Poison Point,Water Absorb,Unaware,9,130,75,60,45,100,20,430
980,981,Farigiraf,Normal,Psychic,Cud Chew,Armor Tail,Sap Sipper,9,120,90,70,110,70,60,520
981,982,Dudunsparce,Normal,,Serene Grace,Run Away,Rattled,9,125,100,80,85,75,55,520
982,983,Kingambit,Dark,Steel,Defiant,Supreme Overlord,Pressure,9,100,135,120,60,85,50,550
983,984,Great Tusk,Ground,Fighting,Protosynthesis,,,9,115,131,131,53,53,87,570
984,985,Scream Tail,Fairy,Psychic,Protosynthesis,,,9,115,65,99,65,115,111,570
985,986,Brute Bonnet,Grass,Dark,Protosynthesis,,,9,111,127,99,79,99,55,570
986,987,Flutter Mane,Ghost,Fairy,Protosynthesis,,,9,55,55,55,135,135,135,570
987,988,Slither Wing,Bug,Fighting,Protosynthesis,,,9,85,135,79,85,105,81,570
988,989,Sandy Shocks,Electric,Ground,Protosynthesis,,,9,85,81,97,121,85,101,570
989,990,Iron Treads,Ground,Steel,Quark Drive,,,9,90,112,120,72,70,106,570
990,991,Iron Bundle,Ice,Water,Quark Drive,,,9,56,80,114,124,60,136,570
991,992,Iron Hands,Fighting,Electric,Quark Drive,,,9,154,140,108,50,68,50,570
992,993,Iron Jugulis,Dark,Flying,Quark Drive,,,9,94,80,86,122,80,108,570
993,994,Iron Moth,Fire,Poison,Quark Drive,,,9,80,70,60,140,110,110,570
994,995,Iron Thorns,Rock,Electric,Quark Drive,,,9,100,134,110,70,84,72,570
995,996,Frigibax,Dragon,Ice,Thermal Exchange,,Ice Body,9,65,75,45,35,45,55,320
996,997,Arctibax,Dragon,Ice,Thermal Exchange,,Ice Body,9,90,95,66,45,65,62,423
997,998,Baxcalibur,Dragon,Ice,Thermal Exchange,,Ice Body,9,115,145,92,75,86,87,600
998,999,Gimmighoul,Ghost,,Rattled,,Run Away,9,45,30,70,75,70,10,300
999,1000,Gholdengo,Steel,Ghost,Good as Gold,,,9,87,60,95,133,91,84,550
1000,1001,Wo-Chien,Dark,Grass,Tablets of Ruin,,,9,85,90,100,100,135,70,580
1001,1002,Chien-Pao,Dark,Ice,Sword of Ruin,,,9,80,130,80,90,65,135,580
1002,1003,Ting-Lu,Dark,Ground,Vessel of Ruin,,,9,165,110,130,50,80,45,580
1003,1004,Chi-Yu,Dark,Fire,Beads of Ruin,,,9,55,80,80,145,120,100,580
1004,1005,Roaring Moon,Dragon,Dark,Protosynthesis,,,9,105,139,71,55,101,119,590
1005,1006,Iron Valiant,Fairy,Fighting,Quark Drive,,,9,74,130,90,120,60,116,590
1006,1007,Koraidon,Fighting,Dragon,Orichalcum Pulse,,,9,100,135,115,85,100,135,670
1007,1008,Miraidon,Electric,Dragon,Hadron Engine,,,9,100,85,100,135,115,135,670
1008,1009,Walking Wake,Water,Dragon,Protosynthesis,,,9,99,83,91,125,83,109,590
1009,1010,Iron Leaves,Grass,Psychic,Quark Drive,,,9,90,130,88,70,108,104,590
1010,1011,Dipplin,Grass,Dragon,Supersweet Syrup,Gluttony,Sticky Hold,9,80,80,110,95,80,40,485
1011,1012,Poltchageist,Grass,Ghost,Hospitality,,Heatproof,9,40,45,45,74,54,50,308
1012,1013,Sinistcha,Grass,Ghost,Hospitality,,Heatproof,9,71,60,106,121,80,70,508
1013,1014,Okidogi,Poison,Fighting,Toxic Chain,,Guard Dog,9,88,128,115,58,86,80,555
1014,1015,Munkidori,Poison,Psychic,Toxic Chain,,Frisk,9,88,75,66,130,90,106,555
1015,1016,Fezandipiti,Poison,Fairy,Toxic Chain,,Technician,9,88,91,82,70,125,99,555
1016,1017,Ogerpon,Grass,,Defiant,Water Absorb,,9,80,120,84,60,96,110,550
1017,1018,Archaludon,Steel,Dragon,Stamina,Sturdy,Stalwart,9,90,105,130,125,65,85,600
1018,1019,Hydrapple,Grass,Dragon,Supersweet Syrup,Regenerator,Sticky Hold,9,106,80,110,120,80,44,540
1019,1020,Gouging Fire,Fire,Dragon,Protosynthesis,,,9,105,115,121,65,93,91,590
1020,1021,Raging Bolt,Electric,Dragon,Protosynthesis,,,9,125,73,91,137,89,75,590
1021,1022,Iron Boulder,Rock,Psychic,Quark Drive,,,9,90,120,80,68,108,124,590
1022,1023,Iron Crown,Steel,Psychic,Quark Drive,,,9,90,72,100,122,108,98,590
1023,1024,Terapagos,Normal,,Tera Shift,,Tera Shell,9,90,65,85,65,85,60,450
1024,1025,Pecharunt,Poison,Ghost,Poison Puppeteer,,,9,88,88,160,88,88,88,600
